1,DKNDDGKLSFEE
1,DKNDDGKLSLEE
1,DSDNTNHVDTKE
1,DSDHSGYISMKE
1,DRDRSGSISYTE
1,DTDRDGRVGWEE
1,DQDGDSMATREE
1,DRNKDGYVQVEE
1,DLNKDGHLDGSE
1,DTDKDGRLSKAE
1,DLDKDDKISRDE
1,DQDGDSAISFTE
1,DANRSGRLEREE
1,DADRDGAITFQE
1,DQDGDCAISFAE
1,DVKGKNRLTAEE
1,DINGSLTISVSE
1,DYDQSGQLDGLE
1,DLNGDGLMTPAE
1,DADKDGVISVNE
1,DADKDGVVTVND
1,DLDKDEKISRDE
1,DLNQDSYLDDNE
1,DIDNDGGLNNQE
1,DITGDRLLNYKE
1,DAGRDGFIDLME
1,DEDFDGKLSFRE
1,DVDNDGFINYLE
1,DADHSGYISLKE
1,DRDHSGSISSTE
1,DKDRSGSISAME
1,DVDKSGQIDFYE
1,DRNRSGTIDAQE
1,DLDGNGLISLEE
1,DRDRSGSISSTE
1,DANRSGTISSGE
1,DHNKNGQIDFYE
1,DLDGNGLLSLEE
1,DFDQNGQLDGLE
1,DLDGDGLMTPAE
1,DTDHSGLISVEE
1,DLNKDGSIDFNE
1,DKDNSGQVSMKE
1,DFNKDGFIDLNE
1,DIDRDGKVNFSD
1,DEDFDSKLSFRE
1,DSDHSGFISLDE
1,DFNKDGHIDINE
1,DGDGDGFVRIED
1,DPSGLGVISFED
1,DTDHSGYISLKE
1,DRDRSGSINQGE
1,DSDQSGYINAKE
1,DRDRSGSINTNE
1,DHSRSGRISLAE
1,DSDQSGLISMDE
1,DFNKDGNIDFNE
1,DTDGNEMVDKKE
1,DVDKDDQLSYKE
1,DKDQDDYLSSEE
1,DKDNDGGLNEDE
1,DRDSDGHVSFRD
1,DEDQDGFLNDNE
1,DSDNDGALNDTE
1,DMDQDGFLNDDE
1,DKDNDGGLNNDE
1,DRNHNQMVTKGD
1,DVNNTGLVQPQE
1,DLDRDGIISMHD
1,DKNGTGLLSVAD
1,DKNNDDLLSVDE
1,DRDNDGALNNEE
1,DSDKDGLLSDGE
1,DKDRDGALSEEE
1,DVDKDGLLNAHE
1,DKDQDGALSQNE
1,DTDQDGYLNFEE
1,DKDRDGYLSDKE
1,DKDNDGGLNDAE
1,DYDQNGQLDGLE
1,VDKDDQLSYKEF
1,DKDQDGYLNDQE
1,DKDNDGGLNDRE
1,DRDQDGYLSDQE
1,DKDNDGGLNDSE
1,DKDNDGCISVSE
1,DLNGDGFISKEE
1,DHDHDGKLSFVD
1,DKDQDGYLNEQE
1,DKDNDGGLNDEE
1,DLKKAQINIVFD
1,DITGDNRLNYQE
1,DGNQSGRVEYED
1,DLDGDGYINFND
1,DTDQSGLISMDE
1,DSNKDGNIDFNE
1,DKDRSGVISDTE
1,DRENKAGVNFSE
1,DRDNSGMIDKNE
1,DAGKDGFIDLME
1,DANSDGTLDFKE
1,DVDGNGTISKNE
1,DKDRSGVISDNE
1,DRDNSGMIDKHE
1,DTDQDGWIQVSYE
1,LAGDDMEVSATE
1,DSDTTGKLGFEE
1,DTDRSGTICSSE
1,DENKDGRIEFSE
1,DLDNDGYITRNE
1,DKNADGKLTLQE
1,DVNTDRKISAKE
1,DPDGDGHVSWDE
1,SPPADLLLTEEE
1,DQDGDKQLSVPE
1,DSNHDGIVTAEE
1,DENQNHHLEPEE
1,DNDGDGFVTTEE
1,DRDKDDKISWEE
1,DLNGDLTATREE
1,DKNGDGFVDQDE
1,DLNKDGKLDKDE
1,DKNKDEKLTKEE
1,DKNGDGQLDKKE
1,DFDKNGYIEYSE
1,DTDKSGKITKEE
1,DKNKDNMIDFDE
1,DGEVDAEE
1,DQDGSGTVEHHE
1,TTIVKRYSKNGR
1,DVNTDRRISAKE
1,NPPADLLLTEDE
1,DQDGDKQLSLPE
1,DSNHDGIVTMEE
1,DKKGDGVIDRAEL
1,DVDQDGLINYLE
1,DKDKDGYINCRD
1,DTNGDGEISTSE
1,DLNGDGRVDFEE
1,DLNGDGEVDMEE
1,DCDGNGELSNKE
1,AGEDGEISLQE
1,DSDRSGTITLQE
1,GSGSIDPDEL
1,DADGNGAITFEE
1,DTNSDGTIDFRE
1,DLDGNGYISREE
1,DTNNDGKLSLEE
1,DKNGDGQLDRNE
1,DLDQNGYIEYSE
1,DKDGSGKISANE
1,DQNNDGEIDFKE
1,DADGSGYLEGKE
1,DTDHSGFIETEE
1,DSNNDGKLELTE
1,DQDGNGYIDENE
1,DGDKDGFVTVDE
1,DLNEDGLVSWEE
1,DKDGDLIATKEE
1,DKNADGFIDLEE
1,DKNRDGKMDKEE
1,DQNKDGKLTKEE
1,DSDGNGYMDGKE
1,DSDHSGFIDSEE
1,DANNDGKLELTE
1,DHNGDGVLTISE
1,DTDGNGLIDYTE
1,DLDGDGVITKDE
1,DSNNDGFIDYDE
1,AGDDMEICADE
1,DTDGSGKLNLQE
1,DTDQSGT
1,DKDGDGI
1,DQNKDNMIDFDE
1,DFNKDGYIDFME
1,DVDGNGCIDRDE
1,DVNGDGELSLEE
1,AGDSDGWVSLAE
1,DKNKDGYVQVEE
1,DLNKDGRLDGSE
1,DRDMSGTMGFNE
1,DTDRSGTVDPQE
1,DKDNNGFIHFEE
1,DLNHDGYITFDE
1,DKNEDGYITLDE
1,DANRDGRVDYHE
1,DKDNDGIIMFEE
1,DTDRDGYISHRE
1,DRDRDGRITVAE
1,DLNGDGTVDFDE
1,DTDGSGRLNLQE
1,DRDRDGYIGCRE
1,DTNGDGRISVGE
1,DLNGDGLVDFEE
1,DINKDGCITKEE
1,DRNQDGVVTIDE
1,DTDHSGT
1,DVDNSGTLSSQE
1,DSNASGQIHYTDF
1,DIDGNGKISVEE
1,DTDHNGAVSFED
1,DINKDGYITKEE
1,DKNKDGVVTIDE
1,DANRDGRVDYQE
1,DKDNNGTITFEE
1,DTNKDGFVDFLE
1,DADGNGSIDKNE
1,DINNDGELTLEE
1,DSNRDGRVDYQE
1,DKDNNGIITFEE
1,DADKNGYIDFKE
1,DLDNNGLISYDE
1,DKNKDGQLTLEE
1,DVNSDGFLDEQE
1,DTNKDRLVTLEE
1,DRNQDGVVTIEE
1,DINGDGELSLEE
1,DANGDGTIDFRE
1,DLDGNGYISKAE
1,DTNRDGKLSLEE
1,DADNSGEITLDE
1,DLNGDGKVDLNE
1,DKNGDNTIDFLE
1,DKDGNGCIDRLE
1,DENGDGQLSLNE
1,DLNKDGCITKEE
1,DRNKDGVVTIEE
1,DKNQDGKMSFQE
1,DTSQSGTLEGEE
1,DKNGDGTIDFRE
1,DLDGDGKITRVE
1,DKNKDDQITLDE
1,DSDRSGTVDPQE
1,DKNGDGKISVDE
1,DLDGNGFIDLDE
1,DLDGNGRISAKE
1,DIDGDGCVNFDE
1,DDDETGKISFKN
1,DRDGDGEVSEQE
1,DLDRDGKISRHE
1,DEDGDGAVSFVE
1,SCSIIDDGLIHKEE
1,DEKKNGVIEFEE
1,DLRQTGFIEREE
1,DSDKDGKISKDE
1,DTDKNGHLTFEE
1,DTDGNGMLSCDE
1,DKNGNGFIELDE
1,DLNKDGRISFDE
1,AGDDMEICREE
1,DTDGSGKINFDE
1,DADHSGT
1,DTKNRGVITFGE
1,HNDNNVTIHYEE
1,DKDGSGYITVDK
1,DQNNDGQIDYAE
1,DIDGSGTIDLKE
1,DRDGDGEINEEE
1,DTDQDGYIGYRE
1,DKDRDGRITVAE
1,DLNGDGTIDFDE
1,DLDGDGRITRLE
1,DQDKDDQITLEE
1,DKDRDGFISCKD
1,DTNGDGEITLVE
1,DVNGDGTVDFEE
1,DTNGDGTIDFRE
1,DLDGNGYISRSE
1,DINKDGYINKEE
1,DKNKDGIVTLDE
1,DEDGSGTVDFDE
1,DKNADGYIDLDE
1,DKNNDGRIDYDE
1,DMNNDGFLDYHE
1,DLDGDGEINENE
1,DKDGDGTITTKE
1,DADGNGTIDFPE
1,DKDGNGYISAAE
1,DIDGDGQVNYEE
1,DTKNRSVVTFGE
1,DDTTSTINWEE
1,DKDGSGFITVDK
1,DRNGDGVVDIGE
1,DVNKDGKLDFEE
1,DKNNDGKIEASE
1,DVDGTMTVDWNE
1,DKDKSGRLNHQE
1,DPNRDGHVSLQE
1,DRNQDSRMSFRE
1,DVSQSNTLDSEE
1,DRNGDGTIDFRE
1,DIDEDNCITQEE
1,DADGSGHITYDE
1,DSNKDGRVDVHE
1,DRNQDGHIDVSE
1,DRDGDGLISQLE
1,DLDGDGFLSFHE
1,DTDRSGTITVEE
1,DVDKSGSIDYSE
1,DKDNSGYITRDE
1,DKDKDGRIDYEE
1,DLDNSGSLSVEE
1,DTDGNGEVDFKE
1,DMDKDGYISNGE
1,DKDGDGRISFEE
1,DTDNSGTITFEE
1,DIDNSGTIDYGE
1,DKDGSGYITIDE
1,DLDNDGKIDFSE
1,DRDQDGNITSNE
1,DADGNGTIDFTE
1,DKDGNGYITVEE
1,DTDGDGVINYEE
1,DNNRDGTIDMRE
1,DTDRSGCITKEE
1,DANSDGKVTFEE
1,DTDESGTITFDE
1,DVDKSGTIDYIE
1,DKDRSGFITRDE
1,DTDNDGRINYEE
1,DTDKSGTITFEE
1,DVDESGTIDYGE
1,DKDASGYITIEE
1,DQDNDGQIDYGE
1,DADRSGCISKEE
1,DANSDGVVTFDE
1,DDDKDGKITYPE
1,DVDGNGFLDYGE
1,DKDGSTYIELDE
1,DTDKDGRINYDE
1,DKDGDGSITTKE
1,DADGNGNIDFPE
1,DLDGDGQVNYDE
1,DDDNDGKISYLE
1,DVNGNGCLDYGE
1,DKDGSGYIESEE
1,DTDKDGKINYDE
1,DTDSSGTITLEE
1,DADGNGTIDYGE
1,DKDNSGYITMEE
1,DGDNDGRINYDE
1,VDGATRTD
1,EWKGPWSDSSYEWNKVDPYEREQLRVKMEDGE
1,DRDGNGKLGLVE
1,DLDKSGSMSAYE
1,DADKSGKLGFEE
1,DVENTGRVSGFQ
1,DKDGNGYLSFRE
1,DLDGNGFLSKDE
1,DTDKDEAIDYHE
1,DKDGDGEINQEE
1,DTDKDQAIDYHE
1,DADNSGAITYDE
1,DIDNSGTIDYIE
1,DKDGSGYITVDE
1,DQDNDGRIDYGE
1,DQTKDGLISYQE
1,DKSGNGEVTFEN
1,DKSKSGMISGLD
1,DKDGDGCITTKE
1,DKDQNGFISAAE
1,DVDGDGQINYEE
1,DKDGNGFISAAE
1,DRDGDGEVNEQE
1,DVDKNGTISLEE
1,DSNTDGLVDFEE
1,DVDGDGYITSDE
1,DIDRDGKISLDE
1,DKDNDNKLNRLE
1,DTDGNGTISFEE
1,DTDNSGTITLEE
1,DKDNSGYITTEE
1,DGDNDGRINYEE
1,DADNSGQITFEE
1,DVDNSGTIDYKE
1,DKDESGFITPDE
1,DQDKDGRIDYNE
1,DKDKNGHLSLDE
1,DTDGNGTLDCDE
1,DKDGSGFIELDE
1,DTDKDGRISYQE
1,DLNKDGKLNGSE
1,DKDKSGTLSVDE
1,DTNKDGQVSWQE
1,SRKYGHPDTLNKAE
1,DTNQDNQLSFEE
1,DKDHNGMLSKEE
1,DKDKSGFIEEDE
1,DKDGDGKIDVDE
1,DQDKSGFIEEDE
1,DSDGDGAIGVDE
1,DQDKSDFVEEDE
1,DSDGDGKIGVDE
1,AAKEGDPNQLSKEE
1,DKNGDGEVSFEE
1,DSNSSNDINKRE
1,DLNKDKVISLPE
1,DTDGSGTVDYEE
1,DTDGGGDISTKE
1,DEDGSGTIDFEE
1,DKNGDGFIDREE
1,DKNNDGKIDFDE
1,DADGSGEIEFEE
1,DADGSGTVDFDE
1,DSDSDGFLTENE
1,DKNSDGAVTWDE
1,NQDSGPGLSLEE
1,DKNGDGFVSLEE
1,DKDNDGRLDPQE
1,DLNSDKKLSEEE
1,DSNLDGTLDFKE
1,SSKEGDKYKLSKAE
1,DENQDGEVDFQE
1,SGREGDKHTLSKKE
1,DRNKDQEVNFQE
1,DFDKDGAITRKD
1,DTNEDNMISRDE
1,DTNNDGLLSQEE
1,DIDNNGYLDKND
1,DFNKDGQVTVDE
1,DINGDGLAGVDE
1,DVNKDGKVDIVE
1,DTNKDGHLDFGE
1,DKNKDGKIESAE
1,DADGTLTVDWNE
1,EKEHDGQLDFEE
1,DKDLDGQLDFEE
1,DKEEKGYIRETE
1,NVSKEGRILMKE
1,DADSSGFISAAE
1,DKNKDGRLDLND
1,DVSKTGALEGPE
1,DVNKDGKIQKSE
1,DMNHDGSIQDND
1,DINKDDVVSWEE
1,DVSGDGIVDLEE
1,DLNSNGFICDYE
1,DRNKDGKISFNE
1,DADASGFIEEEE
1,DKDGDGKIGIDE
1,SGQEGDKNTLSKSE
1,DRNKDQVVNFQE
1,SGREGDKHKLKKSE
1,DEDGDGECDFQE
1,DVNKDGKVDILE
1,DSDGTLTVDWNE
1,DRNNDGNFPTMF
1,DKDDKDKLLSAD
1,DFPNDGKCSLEE
1,DKNSSGDIGKKE
1,DVNNDKSISVQE
1,DKDKSGFIEEEE
1,DKDGDGKIGADE
1,SGKEGDKYKLSKKE
1,DENGDGEVDFQE
1,AAKEGDPDQLSKEE
1,DKNGDGEVSYEE
1,DADGGGDISTKE
1,DKNADGFIDIEE
1,DKNNDGRIDFDE
1,DRNQDGTIDFRE
1,DLDEDGYITEQE
1,DSDGDGKIGVEE
1,DSNQDSKMSFKE
1,DHSNNDRLEGAE
1,SGKEGDKHTLSKKE
1,DADDNGYIEGKE
1,DEDSSGFISAVE
1,NKNKDGRLDLND
1,DADGSGMLEFEE
1,DTDGSGTVDFDE
1,DADGSGELEFEE
1,DSDGSGTVDFDE
1,DEDGDGHISQEE
1,DQNHDGKISKQE
1,DLNDDWRLSKHE
1,DEDKDGFISARE
1,DYDGNSLLDGLE
1,DKNNDGYIDYAE
1,DIDNSGYVSDYE
1,DNNKDSRISFEE
1,DQNQDGKMSYDE
1,DRSCDGRLDHVE
1,DKDRSGYIEEEE
1,DKDGDGKIGVDE
1,SGKEGDKFKLNKTE
1,DSNRDNEVDFQE
1,AGKDGHSVTLSKTE
1,DLNSDGQLDFQE
1,DVNKDGAICIND
1,DKDQDGQLDFDE
1,DVNKDGGICIND
1,DKDQDGQLDFEE
1,DEDKSGFIEEEE
1,DADGDGKIGIDE
1,DQNRDGFIDKED
1,DKNKDNKMNFKE
1,DHSQTDSLEDEE
1,DQDRSGFIEEEE
1,DKDGDGMIGVDE
1,DGDGNSYITTDE
1,DLNKDNKISWEE
1,DLDGDSAANREE
1,DKNSDGHVDEDE
1,DLNKDGKMDLDE
1,DKDKDQMLTKEE
1,DKNSDGTVTWDE
1,NQDSGPGLNLEE
1,DKDSDGRLDPQE
1,DADGSGELEFDE
1,DKNKDRKIDFSE
1,DFDKDGAITRMD
1,DTNEDNNISRDE
1,DTNNDGLLSLEE
1,DSNSSDDINKRE
1,DKDKSGKLNHQE
1,DPNRDGYVSLQE
1,DEDGSGQIEFEE
1,SGSEGSTQTLTKGE
1,DANGDAQVDFSE
1,DVDASGFIEEEE
1,DSDGDGMIGVDE
1,DKDGDGKIGA
1,SGREGSKLTLSRKE
1,DKNSDQEIDFKE
1,DKDKNGFLTREE
1,DMNSDGKISLEE
1,DKDGSGKVSIKE
1,DKNKDGELDYDE
1,DMNNDKSITVQE
1,DVDGNGHISTDE
1,DLNQDGKITFDE
1,DKNQDGRMSFGE
1,AGREGDNLKLSKKE
1,DINSDGQLDFQE
1,AGREGRKGSLSVNE
1,DVNQDSELKFSE
1,DKNADGYIDLEE
1,DTDGDGKIGVDE
1,DSDGDGAIGVEE
1,NGDCALLCKEEL
1,DQDRDGHIDFHE
1,SGQEGDKFKLSKGE
1,DENSDQQVDFQE
1,SRKEGHPDTLSKKE
1,DSDGDGECDFQE
1,DVNNDGFLDEQE
1,DNNKDRLVTLEE
1,DDDATGFIDFNG
1,DKNKRGEIDVED
1,DTDGSGFVDFDE
1,DLDGDGFITREE
1,DRDHDGKITAAE
1,DCDGAVLKKKDL
1,DRDSDGLVGFDE
1,DRDKSGYIEEDE
1,DTDGDGKIGVEE
1,DIDGSGTIDFEE
1,DKNHDSQIDYEE
1,DKDQSGFIEEEE
1,DSDHDGKIGADE
1,DLDSDGFLTESE
1,DKNSDDTVTWDE
1,DLNGDKKLSEEE
1,DKDGDGKIGVEE
1,DQDGSGELEFEE
1,DKQGQGFINVSD
1,DKNADGYIDSEE
1,DADGGGDISVKE
1,DRNMDGYIDAEE
1,DQDKSGFIEEEE
1,DSDGDGKIGIDE
1,SGKEGDKFKLNKSE
1,SLIKGNFHAVYRDD
1,DINTDGAVNFQE
1,NRNKDGRLDLND
1,DQDASGFIEVEE
1,DADGDGMIGIDE
1,DQDKSGFIEDEE
1,DVDGNGAISKSE
1,DENKDGRIGFSE
1,SVKLGHPDTLNQGE
1,DTNADKQLSFEE
1,SVRTGHYDTLSKCE
1,DEDGDHQVDFKE
1,DRNKDGRLDLND
1,DANNDGTLDFKE
1,DVDGNGTINKKE
1,DKNKDNQICFDE
1,DADSSGYISAAE
1,DVSRTGALEGPE
1,DMNKDGKIQKSE
1,DIDNNGFLDKND
1,DFNKDGEVTIDE
1,DVNGDGLVGVDE
1,DLDGNGYISKSE
1,DIDGNGYITRSE
1,DDDGDGYISLEE
1,DKNKDNKMSFKE
1,SVRVGPRDSLSQKE
1,DTNQDKQLSFEE
1,DKNNDGKIEPSE
1,DSDGTMTVDWNE
1,DIDNDGFLDKND
1,DFNKDGEVTVDE
1,DVDGDGMVGVDE
1,DTDKSKSITAEE
1,DTDESGTIDFSE
1,DKDGNGSLSPQE
1,DANKDGKIDREE
1,AGRCGDKYKLCQAE
1,DTNKDCEVDFVE
1,SCQEGDKFKLSKGE
1,DDNKDKKVNYSE
1,DKNRDKKIDFSE
1,DANHDGRICFDE
1,DENKDGAIEFHE
1,DLDQDGFITRNE
1,DKNNDAQLTLEE
1,DENKDGFISFSE
1,DLDNDGYITRDE
1,DKNKDDQLTFEE
1,DNDQSGYLDEDE
1,DNDGDGKIGADE
1,SGKEGDKCTLTKGE
1,DTNADGVVDFQE
1,SGKEGDKFKLNRSE
1,SLKKGNYHAVYRDD
1,DINQDGGINFEE
1,SGIKGNHHALYRDD
1,DVNSDNAINFEE
1,DVSKDGHIQMKE
1,AGRCGDKYKICQSE
1,DTNKDCEVDFGE
1,DKNEDKKIDFSE
1,SVRKGHFDTLSKGE
1,DANQDEQVDFQE
1,SVRVGHFDTLNKRE
1,DADKDGAVSFEE
1,DEDKEGFIEEDE
1,DKDKSGFIEWNE
1,DTHGDGRINYEE
1,SGKEGDKNSLSKGE
1,DANHDGRISFDE
1,DYNEDGQLSFSE
1,DLNGDGVVTIDE
1,DKDGDGRVSWEE
1,DKDGDGFVSLQE
1,DKDKDGKLSPKE
1,DLDGDRRLSANE
1,SSREGDKNTLSKGE
1,DQNKDQVVNFQE
1,SNIQGNHHALYKND
1,DINSDNAINFEE
1,SVRLGHYDTLIKRE
1,DANQDEQVSFKE
1,DQNQDGKISKQE
1,DIDNDGRLSLAE
1,DRTQSGRITLVD
1,DQNRDGHLQLREV
1,DPDGDGVLSLQEF
1,DQDMDQALSDQE
1,DQDRDGALSPAE
1,DINSDGVLDEQE
1,DTNQDRLVTLEE
1,DVDNDGLISFKE
1,DTDNNGEIDKEE
1,DSNQDGNLSVDE
1,DRDKSGFIEQDE
1,ATQHGEYDTLNKAE
1,DRDHNKKVDFTE
1,DLNGDGEVDLEE
1,DFNKDGYMDFME
1,DVDGNGCIDRGE
1,DRDGNGCIDKTE
1,DENGDGQLSLDE
1,DESGGGEIDLRE
1,DQDASGFLEVEE
1,DADGDGMLGLDE
1,DQDKSGYIEEEE
1,DQDGDDKIGVDE
1,DQNHDGRLQLREV
1,DMDESQTLSRAE
1,DTSGNDIVEEAE
1,DRNHDGSIDFRE
1,DVDEDGYITEEE
1,DRNNDGSIDFRE
1,DHNMDGILSDEE
1,DSNGDNNLEPHE
1,IEE
1,DSNKDGKISFEE
1,DTNQDRLVTLGE
1,DTNKDGTVSCAE
1,DVNSDGHMQFDE
1,DKDGNGRISPDE
1,DKDGDGHVNMEE
1,DKNGDGSLTTAE
1,DLNDDGRVQFNE
1,DKDKNGKISPEE
1,FEDDDGYINFNE
1,DQDGDGFVHIEE
1,DLNGDGDVDCEE
1,DENNDNQLSNKE
1,DSDGDGLVTTEE
1,DRDKDEKISWEE
1,DLDGDLTATREE
1,DKNKDEMLTKEE
1,DLDGNGYISRGE
1,HGVGASLSKKEL
1,DRDRNGYVDFHE
1,DKNKDGRMNFKE
1,DKSESGTLEGEE
1,DLNHDGKITAEE
1,DEDGSGELEFEE
1,DEDGSGTLDFNE
1,DDDGSGTISSSE
1,DVSGDGQIDFEE
1,DNNPEKVISAEE
1,DTNDDGTLDFRE
1,DVDRNGEVSKSE
1,NKGENDKIAEGE
1,DRDGDKTINFTE
1,DLNGDGNISKGE
1,DENRDNHIDFKE
1,DVDRDGVLSRVE
1,DQDLDQALSDEE
1,DQDRDGALSPVE
1,DQDQSDFIEEEE
1,DRDNDGYLSDTE
1,DEDKDGCLSPSE
1,DLDGNGYISRQE
1,DRNKDGKLSLEE
1,DNDQSGFIEEDE
1,DHDGDGKIGAEE
1,DNDQSGYLDGDE
1,DLDEDGVVGAAE
1,DYDESGTLTTSD
1,DTDGNGYISFNE
1,DLDQDGRISFDE
1,DKNSDGKLTLQE
1,DTNGDGSIDFRE
1,DKNMDGRLSIDE
1,DLDNDGILNDNE
1,DKDRDCALSPDE
1,DNNKDGKISFEE
1,DCDGTTLSKKDL
1,DRDRDGLIDFHE
1,DRNKDGKISFDE
1,DLDGDGIITREE
1,DANHDGKVTPED
1,DENRDGHIDFKE
1,DVDRDGVLSHDE
1,DTDGSGAIGNEE
1,DADGNGEIDFEE
1,DQDRNGIITENE
1,DKNADGYIDAEE
1,DENLTGRLTHKE
1,DPGRKGYVSLED
1,DKNEDGRITEEE
1,DPERLGYIELWQ
1,ARQEGRKDSLSVNE
1,DVNQDSELKFNE
1,DRNGDGVVDIRE
1,DADGTMTVDWNE
1,DKNKDGKIESSE
1,DQDRSGFIEEDE
1,DKDGDGKIGMDE
1,SGNEGDKFKLNKTE
1,AGRDGNNTKISKTE
1,DLDSDGQLDFQE
1,DVNKDGKVDVSE
1,DTDKDEGLDFEE
1,DKNEDGRVDAKE
1,DVDGTMTLDWNE
1,DRNGDGVVDISE
1,DNDGDGECDFQE
1,DTDGDGKITSEE
1,DKDGSKDMDFSE
1,DKDHNGSLSPQE
1,DCNGDGKICLEE
1,SGKDGNNTQLSKTE
1,DLNCDGQLDFQE
1,DKNRDNQICFDE
1,AGKDGYNYTLSKTE
1,DTNSDGQLDFSE
1,DSNKDGKINFEE
1,DQDHSGFIEEDE
1,DVDGDGMIGVDE
1,DSDQDSKMSFKE
1,DHSNNERLEGAE
1,DYNEDGELSLSE
1,DKNGDGIVDMDE
1,DGDADGFIKVEH
1,DPNAQGRIGFKD
1,DRDGDGFVRIED
1,SGKERKRFKLSKGE
1,DANKDNEVDFNE
1,DVNHDGIISIEN
1,DTDKDRSIDLNE
1,DADEKGYIEEKE
1,DASKDGRIRMKE
1,DADGDGKITPEE
1,DKDGSRPVDFSE
1,DTDKSGSLSPEE
1,DGNNDGEIRRAE
1,DLNSNGYICDYE
1,DYDEDGKLSFSE
1,DVSKDGCIQMKE
1,DYNKDGSIQWED
1,DQDKSGFLEEDE
1,DGDQSGYIEVEE
1,DSDGDHKIGVDE
1,SVRLGHYDTLIQKE
1,DTNVDKQLSFEE
1,SGKDGNSCHLSKTE
1,DIDDDGFLDKND
1,DVNGDGKVGLDE
1,DGDNSITAKELG
1,DTDKSGTIEFSE
1,DKDGNGVLSPEE
1,DCDGDGKINRKE
1,DQDKSGYIEEDE
1,DKDRSGFIEEEE
1,DCNKDNEVDFQE
1,SGQEGDKYKLSKKE
1,DENGDGEVDFKE
1,AGREGRKGSLNINE
1,DVNQDSELRFSE
1,DADKSGSISANE
1,DRDMNGTINFNE
1,DRDNSGSIDLNE
1,DQDQSGFIEKEE
1,AAKEGDPDQLSKDE
1,DKNSDGIITVDE
1,DEDGDGYISARE
1,DSNRDGRVDFFE
1,DLNNEGEIDLMS
1,APNKNGLITLDS
1,NGLQYKGMDFEE
1,EMNGNRVIVIEE
1,IRHTDGKLSFLG
1,DTDGTQSIDPKE
1,DTDGSGQIDFAE
1,DIDGDGQINYEE
1,DQTKDGLISFQE
1,DKAGKGEVTFED
1,DNAKTGKVSAID
1,DRDNDGAVSRHD
1,DADRDGLISADE
1,DEDGDGFVCFTE
1,DKNNDGCISREE
1,DEDGNGTIEFDE
1,DKDDNGFISRNE
1,DSNNDGQVDYEE
1,DFNTDNFICKED
1,DLDGDGKLGFAD
1,DLNKDGKIQ
1,IE
1,DANGDGKISGDE
1,DTDKDGFINVQE
1,DQDHNGLISSVE
1,DSDGDGYVSFEE
1,DRDHSGTLGPEE
1,DPNRLGVVTFQA
1,DRDSSGSIDKNE
1,DADNSGDVDFQE
1,DIDKDGLISNGE
1,DLDGDGQLSFEE
1,DTDNSGTITYDE
1,DKDGSGFITIDE
1,DQNNDGQIDYSE
1,DVDGNGSIDYVE
1,DKDHSGFITVDE
1,DTDHDGRINYQE
1,DADGNGYIEGKE
1,DKNSDGKIEMAE
1,DTDRSGYIEANE
1,DLNGDGKLGLSE
1,DKDGSGYIDENE
1,AEAGKLYRKDLE
1,DNNLTGHVELNE
1,DVDQSGYFSAYE
1,DINKDRSVSAKE
1,DPDGDGLVTWDE
1,DQDGDGKLTLAE
1,DENQNHNLELEE
1,DKDGNGFI
1,DQDSDGHISFKD
1,DLNKDGEVPVEE
1,DRNQDGKITAEE
1,DRDYTGKMGFNA
1,ATEYGNCDMLSKEE
1,DRDHNHKVDFTE
1,DIDGNNKISRVE
1,DKNRDNEISSWE
1,DRKRNGMMEPDD
1,DPNAAGVVTFQA
1,DVNHNGKISLDE
1,DKDQNGAITLDE
1,DIDESGQLDVDE
1,DRDKSGKISSQE
1,DKDGDGQLNTDE
1,DQDGDGKISATE
1,DTDGDGLLDEEE
1,DMNGDGVLTFDE
1,DSDGDGKISAFE
1,DTDADGSLGFED
1,DIDGNGILDFHE
1,DRDGNGEVLLEE
1,DRNGDGKVTAEE
1,DADSNGLVDINEL
1,DFNADKHLALEEF
1,DPNRMGVVTFQA
1,DLDKSGSLSIEE
1,DTDGNGEVDFHE
1,DMDNDGFISNGE
1,DKDNSGTITLEE
1,DADGNGIIDYEE
1,DKDNSGYITKEE
1,DSNNDGRIDYSE
1,DTDKSGTITLEE
1,DVDGNGTIDIDE
1,DKDNDGHITKEE
1,DTDNDGKINFEE
1,DRDNSGFIDDKE
1,DKDRSGRIDTNE
1,DKNGDGCITLEE
1,DTDGNGIIDFQE
1,DKDQNGFISPTE
1,DTDGDGQVNYDE
1,DVDGDGHISQEE
1,DQNQDGCISREE
1,DDDKDGFVTVDE
1,DADQNGTIDFPE
1,DKDQDGFISYKD
1,DANGDGEITLAE
1,DINGDGTVDFEE
1,DSGKSGRVTYKE
1,DVHLEDTVDYNE
1,DTDNSGHITLEE
1,DQDGSGYITRDE
1,DKDNDGRIDYSE
1,DSDKDNAIDYHEL
1,DLDQDGEINEQEF
1,DLDRDGKISRNE
1,DEDGDGAVSFLE
1,DTDGSGTIDPKE
1,DKDGSGTIDFDE
1,DKDNNGKISDVD
1,DENGDGEVDHEE
1,EPQNADELSFSD
1,DKYKTGYVTRKQ
1,DLDRDGKINFSD
1,DADKDGFVTEGE
1,DLNQDGLISWDE
1,GPSKNGYISMQN
1,SCLQYKKLDFEE
1,EKDGNRVIMIEE
1,IRHSDGKLSFLG
1,DKDGDGQITTKE
1,DADNNGTIDFPE
1,DRDNNGFISAAE
1,DQDGDGRIDYNE
1,DSDGNGVIDVKE
1,DSDKSGYLEREE
1,DTDGDGVINKSE
1,DRNASHQVDWGD
1,DADKDQLISIDE
1,DVSCDGVMDLAE
1,DTDNSGAITFDE
1,DVDNSGTIDYGE
1,DKDGDGKVSASE
1,DTDGDGLLDHHE
1,DLNGDGVLSFDE
1,DKNNDGFITVEE
1,DEDGDGFISAVE
1,DSNHDGRVDFFE
1,DADSNGNIEFKE
1,DEDSNGSIDHTE
1,DENKDGYVSREE
1,DWDKNGMVNFKE
1,EGVTCYYGEMNKEQ
1,DTNHDGLLGFEE
1,DLKQQGFIERQG
1,DTKHEGMIDEEE
1,DFNENGFIDEED
1,DLDNDSMLSFSE
1,DKDQDGKITRQE
1,DRDGDGYIDYYE
1,DKDGSGTIDTKE
1,DQDGSRCIEFKE
1,DTNGTGKLSFRE
1,DKDGSLLLELQE
1,DTNGSGVVTFDE
1,DTNGTGKLGFRE
1,DLDDKGWVEKQQ
1,GVDASGRVELDD
1,DKDDSGKLGLHE
1,DQDRSGNLNSYE
1,DVNGDGAVSYEE
1,DADGNGEIDQNE
1,DVDGDGKLTKEE
1,DANGDGYITLEE
1,DFDDDGTLNRED
1,DIDRDGTINLSE
1,DEDKDGYVSVEE
1,DHNGDGLVSWEE
1,DLDADLKANKEE
1,DKNGDGFIDLEE
1,DTNKDGRMDKEE
1,DNDKDGKLTKAE
1,DRDRSRSLDSRE
1,DRDGSGTLDLEE
1,DRSGDGVVTVDD
1,DSSEKDGQVTLAE
1,DRDGSRSLDAGE
1,DRNGSGTLDLEE
1,DRSGDGVVTLGD
1,DADEDGFVTEAE
1,DLNNDRMISWEE
1,DGNGDHIADKEE
1,DKNKDGKMDREE
1,DTNKDGKLTKEE
1,DSDGSGKLGLKE
1,DVDRSGTMNSYE
1,DRDGNGFISAAE
1,DTDHDGYIGYRD
1,DLNGDGTVDFNE
1,DSDKSGYLEAGE
1,TAMDVNKDSVVD
1,DLDHDGKIGINE
1,ASHKKNTDNDRS
1,DKNGDGHITTEE
1,DLDGDGTINFTE
1,DIDKNGFISAAE
1,DVDGDGQINYRE
1,AEAEKLYRKDLE
1,DKNGDNQLSKKE
1,DLDKDGKLSVNE
1,DSNKDNKITWDE
1,DSDDDKCITREE
1,DRDRDGYIGYRE
1,DTNGDGCISVGE
1,DIDGDGQITSKE
1,DTDGNGTIEYAE
1,DKDGNGLITAAE
1,DIDGDGMVNYEE
1,DQDGSGTIDFPE
1,DTNKDGEITKAE
1,DKDNDGKITIKE
1,NKDDNTDITKDE
1,DTNKDGTITVKE
1,SSAVIDDGLINKEE
1,DTKHNGILGFEE
1,DLKQQGFIERQE
1,DTKHDGRIDKEE
1,DENQDGFIDENE
1,DENRDGKIDFYE
1,DTDGSGTIDAKE
1,DKAGSGTIDFEE
1,DDDNTGFITLKN
1,DRNGDGQIDEDE
1,DVDGDGQINYDE
1,DADNDGSIDIRD
1,DLNSDGEVDMAE
1,DKNGDGRISMEE
1,DANSDGSLSSDE
1,DKNGDGMISIEE
1,DSNSDGSLSSDE
1,DVNHNGRISLDE
1,DKDQNGAISLDE
1,DANGDGVIDFDE
1,DEDGNGVIDIPE
1,DEDGSGKLGLKE
1,DADGDGTIDFPE
1,DTDNSGQITFEE
1,DKDGSGYITADE
1,DEDNDGRIDYNE
1,DSDGSGKIDYTE
1,DVDNDGEITTAE
1,DKNNDGKIDFHE
1,DMDKDGSLTQLE
1,DRNGNGSVEFDE
1,DRDGNGSITAAE
1,DSNGDGVISFNE
1,DKDHGGALGPEE
1,DPNHSGLVTFQA
1,DNDGSGKLGLKE
1,DKDRSGRLGFEE
1,DTRRTGSIDGFH
1,DKNGDGRITKEE
1,DANGDGCVDIDE
1,DQDGDGFITVEE
1,DADGDGRVNYKE
1,DLNGNGDIDIMS
1,SSGSGETFSYPD
1,DKEGNGLLDKAD
1,DDNGNGKVDYGE
1,DFNKTGSVPITN
1,DKEGNGLLEKAD
1,DFNKTGIVSVID
1,DSDGSAKLGLKE
1,DTDHGGFIETEE
1,DTDGNGTIDFPE
1,DRDGDGYISADE
1,DKDGSGYITQDE
1,DQDNDGRIDYNE
1,DTDNSGQITLEE
1,DIDNSGSIDYGE
1,DKDSSGYITQDE
1,STSIINDGLIHKEE
1,DRKRNGVIEFGE
1,DLHGTGFIEPHE
1,DTNKDGKIDEEE
1,DTTKDGDISFEE
1,DRNASDTISCDE
1,DKNGNGTISSLD
1,DDNNDGSLSSDE
1,DFDGNGLISKDE
1,DLDENGFLSKDE
1,DKDGNGYISFRE
1,DLDGNGFLSKEE
1,DKDQDGRISFQE
1,DNDRNGVIDKGE
1,DKNRTGRLAPEE
1,DPNASGYVQFDA
1,DKDGSGTIDKNE
1,DEDGNGTIDFQE
1,DIDRDGYIGNGE
1,DEDGDGRLNFHE
1,DKNADGKIEMAE
1,DMNGDGKLGLSE
1,DKDGSGFIDEHE
1,SDGGKLYRKELE
1,DKDGDGNLSWDE
1,DTDNDGVVTFDE
1,DKDKNDKLSYLE
1,DLNGDGEIDFHE
1,DTSNRGKITITE
1,DVDKDGYLDVNE
1,DKNKSGYIEIEE
1,DTNKDGKISYDE
1,DKNGDGKIAKNE
1,DVNGDGAMDIDE
1,DQNGDGFITDEE
1,DVDGDGMVNFKE
1,DQNKDGSLTELE
1,DRNNNGLVEFSE
1,DRDGNGYITAAE
1,DRDGDGCIDFQE
1,EQTNTEELSFKD
1,DKQKTGFVTKKQ
1,EWTGAWSDGSSEWNGVDPYQRDQLRVRMEDGE
1,DVDGSGTIDAKE
1,DRDGDGEVNEEE
1,DFDDDGTLDRED
1,ERTLGLEFPEFM
1,DKAKTGVITKKQ
1,EKDGNRPIMIEE
1,DKDGSGKLGLLE
1,DQDHSGTLNSYE
1,DRDGNGFISKQE
1,DMDGDGQVDFEE
1,DLDQNGLIEWKD
1,DESGDHLVDQAE
1,DLNKDNMINFDE
1,DVDGNGSLDYGE
1,DRNQSGYIEIDE
1,DTDKDGKISYDE
1,DMDADGSLTILE
1,DSNGNGFVEFDE
1,DTNGDGVISFGE
1,DANGDGRISRAE
1,DSDGDGYISLGE
1,DADGNGVITPAE
1,DRNGDGLINFEE
1,DRNKDGSLTQLE
1,DTDGNGFITAAE
1,DSDGDGRINFQE
1,DRNGDGEITLDE
1,DEDGDGFISAAE
1,DRDCDGRVDFGE
1,DRRKNGLMDHED
1,DPNGQGTVTFQS
1,DKDGNGNITTKE
1,DSDGNGTIDFPE
1,DVSKNGQLTFED
1,DIDKNGILDYQE
1,DQNKSGYIEIEE
1,DHDGDGFITAAE
1,DANSDGLIDIHE
1,DGNKDGLISAEE
1,DSDGDGMVSFEE
1,DKNKDGKLSLDE
1,DVDGNGELNADE
1,DVDGDGYLNFDE
1,DRDGDGCITTME
1,DADGSGTIDFPE
1,DCNNDGQVNYEE
1,DVDGDGQVNYEE
1,DSDRNGKITYIE
1,DTDKNGELTIEEA
1,DKDGDRKITRDE
1,DLDRDGVITCDE
1,DTSKDGLISFSE
1,DRKGNGTVSYAD
1,DPAGTGFISPLD
1,DLDGDGSLTKLE
1,DADGNGTVEFDE
1,DTDGDGLISFEE
1,DKDGDGCITVEE
1,DSDSNGTIEFAE
1,DKDQNGYISASE
1,DTDGNGFLDSSE
1,DYDRDGTVSLEE
1,DRDGSRSLDADE
1,DSDGTGKLGLKE
1,DKDGDGCITTRE
1,DRDGNGTVDFPE
1,DKDGNGFVSAAE
1,DTDGDGQVNYEE
1,DLNTDRRISAKE
1,DQDGDKKLSLSE
1,DANHDGIVTMAE
1,DENQNHYLEPEE
1,DLNKDGSVTSYD
1,DKDKDKKLSQTE
1,DLDKDGCVSVNE
1,DSDNSGTITVDE
1,DADGNGTIDYDE
1,DKDNSGCISKEE
1,DADNDGRIDYSE
1,DTDNDGIVSYEE
1,DTNGKDALDYGE
1,DKDGNGYIEPEE
1,DTDKSGTITYEE
1,DVDGNGTIDYLE
1,DKDNSGFITKDE
1,DSDNDGRINYDE
1,DNASTGRVTAID
1,DKNNDGKISIDE
1,DLDRNGRISANE
1,DSDGDGCVDFEE
1,DINGDGKITLDE
1,DKDGSGSISLDE
1,DLDNSGKLDVDE
1,DTDRNGILDSSE
1,DYDGSGSVSLAE
1,DLNKDGQIQ
1,DRNRDGRVTANE
1,DRDGNGFITRDE
1,DLDQDGRINYEE
1,DLDGNGLLSLAE
1,DKDNDGCVNVLE
1,DHDHDGKLSFAD
1,SSGSGETFSYSI
1,DIDNDKKISAKE
1,DQDGDKKLTLSE
1,DANHDGIVTMEE
1,DENQNHHLELEE
1,DKDGNGTISTKE
1,DIDGNGQIEFPE
1,DKDGNGVITAQE
1,DVDGDGEIDYEE
1,DKDSDGKITTKE
1,DVNSDGSIDFPE
1,DRNGDGKISAAE
1,DTNNDGEIDIQE
1,DTDGNGTINAQE
1,DSDGDGEISFQE
1,DQDGDGHITVDE
1,DVDQDGRVNYEE
1,DTDNNGRVTLQE
1,DVDGNGYLDYGE
1,DKDGSGYIDRAE
1,DTDKDGRISYEE
1,DTDASGAITFDE
1,DVDKSGTIDYDE
1,DRDGSGYITVDE
1,DTDNSGAITYDE
1,DVDNSGTIDYIE
1,DKDNSGNLTLED
1,DIDGNGTLDCEE
1,DKDGNGFIEMEE
1,DTDNDGIVSIEE
1,DTKGKGTLDYGE
1,DKDGNGYILPQE
1,DANGDGRISRSE
1,DADGDGFISLDE
1,DADGNGTISAAE
1,DQNGDGLISFEE
1,DADGDGRISPSE
1,DTDRDGFVDLGE
1,DVDGDGRITAAE
1,DVDGDGCVGFEE
1,DEKKNGVIEFDE
1,DADRDGKINQQE
1,DIDQDGKVNFSD
1,DKNRTGRLSPEE
1,DPNNTGYVHFDA
1,DTSGNGKLEFEE
1,DVDKSGTMSSYE
1,DLDSSSALSVKE
1,DTDGDGQVDFRE
1,DKDGDGKISFQE
1,DLDKSGSLSVEE
1,DTDGDGEVDFKE
1,DKDGDGKISFEE
1,GCITTKE
1,DIDKNGSISLEE
1,DSNTDGLVDFTE
1,DIDGDGFITPEE
1,DVDEDGRISINE
1,DSNGDGKISVLE
1,DTDRDGYINLDE
1,DQDKNGLISASE
1,DADGDGNVNFEE
1,DTDGDGRIAPSE
1,DKDASGTVSVAD
1,DLNKDGEVPPEE
1,DLNDDWKLSKDE
1,DKDGNGEVLLEEF
1,DKNDTGKLSYDE
1,DTSGNMLLDAKE
1,DRNGSGSVTFDE
1,EPEDGGLHLHN
1,QPLAHKKLDFEE
1,ESEGSRAISVQE
1,IRSLDGKLNFLG
1,DKNKDGHISVEE
1,DTDGDGKISFEE
1,DQNGDGYITVDE
1,DANGDGKISSSE
1,DTDGDGFISFEE
1,DTEGTGRVDPRE
1,DKDHDGQLNLKE
1,DLDKSGSLSVDE
1,DTDGNGEVDFRE
1,DKDGNGIISAAE
1,DVDGDGVIDYSE
1,DKDGDGFISAAE
1,DKDNNGSISSSE
1,DVDGNHQIEFSE
1,DKNGDGLISAAE
1,DSNGDGNITFDE
1,DKDKDGIISIKE
1,DTDKDGRISWDE
1,DKDNDRFVTKCE
1,DIDKSGTIDYGE
1,TSCLSNDNLLTKEK
1,DMRNDGAIDFGE
1,DTRETGFIEPEE
1,DWKKDGIIDLEE
1,DSDNDGLVTAPE
1,DADRDGKLSVEE
1,DGDGDGAISVEE
1,DANSDGKISGEE
1,DVDGDGFIDFEE
1,DQNDDGVLSFDE
1,DVDRSGTIGSSE
1,LAGPDMEVGATD
1,DSDHSGSLGSSQ
1,DKDGSGAIDFDE
1,DQDNNGKISPED
1,DRDRDGEVNVEE
1,EWTGAWSDSSSEWNNVDPYERDQLRVKMEDGE
1,DRNEDKQISASE
1,DENQDHLLSLEE
1,DDNNNRTLDFKE
1,DRDGSGTIDFNE
1,DKDKDGKITIQE
1,DKDQNGYISAAD
1,DLNQDGVLTSQE
1,DKDKDRKLNKTE
1,DLDKDGCVSANE
1,DVDKNGVISLEE
1,DLDKDGYITPEE
1,DIDRDGKISLHE
1,DKNQDGLVTLDE
1,DVNGDGYISAEE
1,NDNGNGKVDYGE
1,DFNKSGSVPIIN
1,DRDGNGLISAAE
1,DIDGDGHINYEE
1,DVDKDGAIDYHE
1,DLDQDGEINLEE
1,DMNGDGSLTQLE
1,DANGNGSVEFDE
1,DTDGDGVISFKE
1,DKNGDGFITVEE
1,DENGDGFISARE
1,DRNQDGRVDFFE
1,DFNNDDYICAWD
1,DGDHDGRLSLED
1,DTDSNGVLDTAE
1,DYDADGTVSLDE
1,DLDNDGYVTEGE
1,DLNQDGLVSWDE
1,DQDGDLIATKEE
1,DKNGDGLIDLEE
1,DKNHDGKMDKEE
1,DQNKDSKLTREE
1,DDDNNRTLDFKE
1,DKDGNGTIDFNE
1,DTDSSGAITFDE
1,DTDDSGTITFDE
1,SYSIIKDGLIHKEE
1,DLKRNGVIEFGE
1,DLRGTGYIEKEE
1,DSNGDGRIDPEE
1,DRNGDGSLTQLE
1,DTNSNGLIEFSE
1,DRDGNGFITAAE
1,DTDGDGRISFQE
1,DANGDGKISAAE
1,DTDGDGYISYQE
1,DYDGSGSVSQAE
1,DADKDGFVTVDE
1,DKDRNGFISAAE
1,DVDCDGQINYDE
1,DVDGDGHINYEE
1,DRDGSGMIDDKE
1,DRDRSGKIDATE
1,DNNRDGTVDMRE
1,DADSDGKVTFDE
1,DQDGSGFIDDKE
1,DKDRSGRIDVNE
1,DLNEDGGIDIMS
1,DADRSGRIDFHE
1,DRDGDGEIDEED
1,DKDGSGKLELHE
1,DEDRSGNLNSYE
1,DRDGNGTIDFPE
1,DMDGDGQVDFDE
1,DRDGSGYITFDD
1,DLNGDKKISKIE
1,DTDNNGIVTLEE
1,DMDGDGSIDYLE
1,DNDNSGYITMEE
1,DTDRDGKINYEE
1,DIDGNGILDCKE
1,DKNGSGYIEIEE
1,DIDKDGKISYEE
1,DTDSNGNIEFKE
1,DKDQNGFISATE
1,DENKDGFIDAIE
1,DGNKDGKIDFNE
1,DSDGNGFLDKSE
1,DYDNDGIVSFDE
1,DKDGSGTIDFEE
1,DDDQTGKITFKN
1,EKDGQSGINYEE
1,DKTGDGVVGLED
1,DKDGDGSITTQE
1,DKDGNGTVDFPE
1,DTDNSGTITYEE
1,DVDGNGSIDYIE
1,DKDSSGYITIDE
1,DSDNDGRINYEE
1,DTDKSGNITLEE
1,DMDGNGTIDIDE
1,SHSIFRDGLIHKEE
1,DLKRNGVIDFGE
1,DLRGTGCIEREE
1,DLNDDGKIDPDE
1,DANGDGKISVSE
1,DIDCDGFINQEE
1,DQNKNGLISSSE
1,DTDGDGNVNFEE
1,SGSVIDDGLINKEE
1,DVKKRGVIDFGD
1,DMDNTGFIERKE
1,DTNQDGRIDRTE
1,SSSVVDDGLINKEE
1,DVKRKGVIDFGD
1,DMDCTGFIERQE
1,DVDRDGKIDKTE
1,DKNGDGTITGKE
1,DVNGDGCVDIDE
1,DQNGDGFITVDE
1,DVDGDGRVNYKE
1,EPSKNGTISLEN
1,SALQYRRMDFEE
1,EKEGNRPIMIDE
1,LRHTDGKLSFLG
1,DTSGNGKLEFDE
1,DADKSGTMSTYE
1,DKDGSGSIDKDE
1,DEDGSGTVDFQE
1,DMDRDGYISNGE
1,DKDGDGKLSFEE
1,DKDGDGNITTKE
1,DVDGDGQVNYDE
1,DKDSNGYISAAE
1,DSKKTGKINLEE
1,DVDGDGTLNYGE
1,DQNQSDYIEIEE
1,DMDKSGSITYEE
1,DVDGNGTIDYIE
1,DKDGSGHITKEE
1,DKNNDGKIDYEE
1,DTDNSGTITFDE
1,DKDGSGYITLDE
1,DTDNSGQINYEE
1,DKDGSGYITSDE
1,DNARTGRVTAID
1,DANGDGKISAEE
1,DSDRDGFVDLSE
1,DADSNGKISARE
1,DADGDGCVNFDE
1,SNSIIKDGLIHKEE
1,DQKGNGVIEFDE
1,DLRQTGFIERHE
1,DTKGDERIDQEE
1,DANRDGRISAEE
1,DIDGDGMLDINE
1,DLNADGVLSFDE
1,SKNGLIDKEQ
1,DTKNTGILDFEA
1,DLNQQGYIKRQE
1,DTKLDGKIDKEE
1,DANGDGCVDINE
1,DEDGDGRVNYKE
1,DTDRSGTIGSHE
1,SSGSEETFSYSD
1,DIDKDGFISNGE
1,DSDGDGRLSFEE
1,DKDQDGFISAAE
1,DKDKDKKLNKTE
1,DLDKDGYVSASE
1,DTNRSGTITYEQ
1,DVDGNGTIDYYE
1,DKDKNGHITRDE
1,DTKHDGKIDKEE
1,DKSKSGVISGLD
1,DKNKDGKISWDE
1,DVDGDNQIDVAE
1,DIDGDGKISASE
1,DADGDGFVSFEE
1,DKNGDGSITKKE
1,DLDGDGTIDFPE
1,DKNGDGYITVNE
1,DADGDGTISFSE
1,DSNKNGTLDPSE
1,DVDNNGLVSYSE
1,DSDKSGQLEEKE
1,DTDKNGTVSIVE
1,DKGRKGRIENTD
1,DRNGDGIVTYQD
1,DKDGSGQLQDDE
1,DTNSDGSVSLEE
1,DTDCNGILDFKE
1,DKDQSGHLEVDE
1,DANGDGIITKDE
1,DANNDGYIDYDE
1,DVDHTGYISFDE
1,DRDGNGYISKND
1,DLNKDGKLSISD
1,DLDNDNMLSFSE
1,DTDRSGTIGSNE
1,DRDHSGSLGSSQ
1,DTDHDGKISSDD
1,DANKDGFVEFDE
1,DKDGDGRLSYGD
1,DSDENGLLDQAE
1,DYDRDGFVSLQE
1,DKDHCGALGPEE
1,DPNGSGSVTFQA
1,DPKDGGLSLNC
1,QPLAQKKLDFEE
1,EHEGNRIISVQE
1,IRSSDGKLSFLG
1,APNKDGLITMDT
1,NGLQYRGMDFEE
1,DKNGNRAIVIEE
1,IRHTDGKLSFFG
1,DKDSSGSIDKTE
1,DEDNSGDVDFQE
1,DIDKDGYISNGE
1,DVDGDGKLSFEE
1,DTSGNGKMEFEE
1,EWTGAWSDSSSEWNSVDPYEREQLRVKMEDGE
1,DGDKNGEVTINE
1,DLDNEGKISYDE
1,DKNRDNRIDFKE
1,DKNRDGYLTIAE
1,DSDKNGRISFKE
1,DTKHNGILGFDE
1,DLKQQGYIERQE
1,DHDGDGRISAAE
1,DADGDGLLCEAE
1,SSAVVDDGLINKEE
1,DLKQQGFIEKQE
1,DKDGDGKITTKE
1,DVNGDGCVDIEE
1,DRNGDGFITVDE
1,DVDGDGRVNYME
1,DRRKNGLMDHDD
1,DGDSDGFVTEVE
1,DVNNDGMISWEE
1,DQNRDQIANKEE
1,DKNGDGFIDLNE
1,DSNKDGKLSKEE
1,DFDGNGALERAD
1,DKNADGQINADE
1,DTNGNGELSLDE
1,DSNGTGTLGAVE
1,DYNHSGTIDAHE
1,DANSDGKVTFDE
1,DMDGDGQVNYEE
1,LAGEDMEISVFE
1,DKDGSARLGLVE
1,DLDKSGTMSSYE
1,DVDKSGSISIEE
1,DLDGDGYITPDE
1,DIDKDGRISLSE
1,DKDGSGYITTDE
1,DADNDGRINYDE
1,DMDCTGYIERQE
1,DVNQDGKIDKLE
1,DLDKNGKISPDD
1,DRDRDGEVNMDE
1,DIDGSGSIDASE
1,DKNQSGAIDFDE
1,DHDNNGKISPRD
1,DRDKDGEVNLEE
1,DRDADGKISAAE
1,DTDDDGLLDEEE
1,DLDGDGVISFEE
1,DRDGDGRITREE
1,DANGDGCVDMDE
1,DRDGDGRVDFLE
1,DRNGDGEITVDE
1,DVDGDGFISASE
1,DRNSDGRVDFGE
1,DTSKDGKISWEE
1,DINCDGKISANE
1,DRNQDGKITVDE
1,DENGDGQISALE
1,DTDGNGSIDFKE
1,DKDGDGCITTQE
1,DKNNDKMISHHE
1,DTNKEGSLSYED
1,DDNMDGMVSLAE
1,DRNEDKQISANE
1,DENQDHHLSLEE
1,NADGNGTIDFPE
1,DTDKSGTITYDE
1,DKDNSGFISRQE
1,DADNDGSINYQE
1,DVDGNGTIDYAE
1,DKDHSGYITVDE
1,DKNGDGRITKKE
1,DANGDGCVDVEE
1,DADGDGRVDFKE
1,DVDGDGQIDDVE
1,DMDGDGKISASE
1,DKDSDGFVNFEE
1,DKDGDGTITSKE
1,DADGSGSIEFEE
1,DKDQNGFITPDE
1,DSDGDGQINYNE
1,DMDRNGILDSTE
1,DRDGSGCVSLAE
1,DSDENELLDQAE
1,DYNKDGFVSLEE
1,DADGNGHLGSLE
1,DYNSDGSLTLGE
1,DHDHDGYISQED
1,DKDQDGLISKDE
1,DMNKDGRMDQVE
1,DIDQDGKLTAEE
1,DKDNDGCISVTE
1,DLNGDSFISKEE
1,DMDSDRQLSKAE
1,DHDGDGFISPKE
1,DQNQDGCISKEE
1,DLSQDGLVSWDE
1,DKDGDLVATKEE
1,DHNQDGKLTREE
1,DKDGSGTLTTDE
1,DQNKDNEIEFFE
1,DIDCDGFISNGE
1,DYDKDGKISFDE
1,DLDNSGALSVDE
1,DADGNGEVDFKE
1,DMDNDGYISNGE
1,DKDEDGKISFDE
1,DSDKSNTIDFKE
1,DKDKSGILEKKE
1,DKDKNNLISREE
1,DIDNDGTIDIRD
1,DRNHDGLVDVVE
1,DKDGDGCITADE
1,DSDGNGTIEFSE
1,DRKQNGMMEPDD
1,GPNKDGSVSLEN
1,ESLAYRKMYFEE
1,ETEGNRVITIEE
1,VRSSDGKLSYLG
1,DTDASGILETNE
1,DENHSGDVDFQE
1,DIDRDGYISNGE
1,GATRTDIC
1,TGAWSDGSSEWNGVDPYMREQLRVKMEDGEFW
1,DKDNSGSISASE
1,DVDGNHAIEFSE
1,DKDGNGTISKDE
1,DENGDGSVNFKE
1,DIDGDGYISNGE
1,DEDGDGKISFEE
1,DMDNDRQLSKAE
1,DKDGNGEVLLEE
1,DNNGDGIVDFRE
1,DKDGDGAITRSE
1,DRDYTGKMGFNE
1,DQDQSGTVEHHE
1,DTNSNGTLSRKE
1,DEDESDDVGFSE
1,DFDKSGQLSKEE
1,DVDDSKSLSYQE
1,DQDSDGHVSFRD
1,DKNRDGRMDKEE
1,DLNKDGSVTSFD
1,DKDKDKKLTKTE
1,DSDGSGTIDVKE
1,DTNGRGALDYGE
1,DTDKDGKISYEE
1,DSDGSGRIDYTE
1,DKNNDGKIDFYE
1,DVDNSGTIDYSE
1,DQDNDGRIDYEE
1,DKDGDGCITLEE
1,DVDGNGTIEFAE
1,DKDQDGLISAAE
1,DLDGDGQVNFDE
1,DTDNSGTIDAKE
1,DKDGSGSIDYEE
1,DQDKNGKISDVD
1,DRNGDGEIDFDE
1,DKNNTGKLSME
1,DLDQDGYISQEE
1,DKDREGLISRQE
1,DTDNDRQLSKAE
1,DHNGDGFISPKE
1,DLDNSGALSIDE
1,DKDNSGFITRDE
1,DVNGDGKISSKE
1,DIDGNGSISAEE
1,DKDGDGTIDFEE
1,DLDKDGKISQTE
1,DLDGDGFIDFRE
1,DLNGDGKISAEE
1,DADGDGLVNMEE
1,DTDRSGCISKEE
1,DANNDGKVTFDE
1,DQDGSGSVSLDE
1,DRDRDGKINFSD
1,DVDGKGYLDQPT
1,NVDSSGRVEPED
1,EWKGPWSDNSYEWNKVDPYEREQLRVKMEDGE
1,DGDGTGSLRPVE
1,DHSRAGTIDAHE
1,DKDNSGHITRDE
1,DTDNDGRINFEE
1,DADGNGTIDYEE
1,DKDNSGYITIEE
1,DADNDGRINYTE
1,DKEGTGKIATRE
1,ENNNNGQLNFTE
1,DRDGDGFISPAE
1,DFDGDGMINYEE
1,SSSIIDDGLIHKEE
1,DVKRNGVIEFGE
1,DRKNDGKIDIDE
1,DTDGDGNISYQE
1,DRNGDGKITKQE
1,DLNGDGYVDIEE
1,DQNRDGFITVEE
1,SCSIVDDGLIHKEE
1,DEKKNSVIEFEE
1,DTDKDNRISKEE
1,DKNETGKLCYDE
1,DASGNMLVDEEE
1,DKNGTGSVTFDE
1,FDMDGSGKIDAK
1,DRSNQGQISKED
1,DKDGNGYIEGTE
1,DDNQDGKIDIRE
1,DTDNSGYIEADE
1,DANKDGRLQLSE
1,DRDNSGTIENEE
1,DTSQRGKINIDE
1,DIDRDGYLDCDE
1,DQNNNGYIEIEE
1,DKDNSGFITMDE
1,DRDDDGVVSRGD
1,DVDRNGKISAEE
1,DGNGDGFVCFDD
1,DSNRDGEVDVSE
1,DRDGDGVITPAE
1,DEDGDGYISAAE
1,DRDSDGRVDYEE
1,DYDKDGFVSLQE
1,DKHKTGYVTRKQ
1,DEDHDGFVTADE
1,DLNSDSFVSWEE
1,DQDGDLRANKEE
1,DKNGDGLIDLNE
1,DKNKDGRMDKDE
1,DADKDGRLTKQE
1,DQDGSRSLDVRE
1,DTDKDGFVTEGE
1,DMNQDGLISWDE
1,DQNADGFIDLEE
1,DQDKDGKLTKEE
1,DKDNSGTIEREE
1,DEDGGGDVDFQE
1,DLDKDGKISFEE
1,SHSIFKDGLIHKEE
1,DLRGTGYIEREE
1,DLNSDGKIDPDE
1,DFNNDNYICAWD
1,DGDQDGRLSLED
1,DVDGSGSLSVEE
1,DEDGNGEVDFRE
1,DMDRDGFISNGE
1,DANQSGSIDRNE
1,DKDRDGKISFEE
1,DSDGTGSLGPME
1,DHNHVGTIEAHE
1,DKDRSGYIDEHE
1,DADGSGTIDVKE
1,DRDGDGEVNEDE
1,DSNTDGFVDFGE
1,DIDGDGFITAEE
1,DIDNDGKISLQE
1,DADKSGQITFEE
1,DKDGSGYITPDE
1,DRNGDGRITREE
1,DANGDGYITVDE
1,DRDGDGRVDFHE
1,DTDGDGLISAAE
1,DRDGDGFVSIEE
1,DEDGNGVITAEE
1,DSDGDGVISFDE
1,DRDSDGRVDFGE
1,DVDRSGTICSRE
1,DYDGNNLLDGLE
1,DANGDGEITLGE
1,DRDRDGYIGYQE
1,DTNGDGCISLGE
1,DKDGDGTITTSE
1,DKDGNGFISAQE
1,DIDGDNQINYTE
1,DVNKRGKINLEE
1,DVDGDGTLNYSE
1,DQNQSGYIEIDE
1,DANGDGYVTALE
1,DKNSDGKISKEE
1,DKDGSLLLELHE
1,DIDHDGMLDRDE
1,DKDMDGFVSGLE
1,DHDNDGSLSEEE
1,DSDSDGVLSSFD
1,LAASAFQELDDDMDGAVSVAELQT
1,DQDLDHALSDKE
1,DQDHDGVLSPTE
1,DKDNDSFISVTE
1,DLNGDGYISREE
1,DYDHDSKLSYTD
1,DQDNDGTLNDAE
1,DLDRDCALSPDE
1,DTDGDNLLNDYE
1,DRDCDGALSPEE
1,DYDHDGTVSLEE
1,DTARDGFLDLQE
1,DEDNDGKISFRE
1,DMNNDGRMDQLE
1,DQDNDHILSDAE
1,DEDKDSALSPAE
1,DIDHDGKLDRDE
1,DKDMDGYVSGLE
1,DTNGDNTIDFLE
1,DKDRNGCIDRQE
1,DKDGNGCIDKPE
1,DKDRNGCIDRLE
1,DENGDGQLSLTE
1,DENNDGSIEFEE
1,DVDNDGYITREE
1,DKNHDGKLTLEE
1,DQDNNQILSDDE
1,DKDQDGALSPAE
1,DTYQHGFISKSE
1,DPNQIGKITLPD
1,DVTGDGFISRED
1,DTDKDGYVSLPE
1,DFNKNGQISRDE
1,DMNNDGRMDQVEF
1,DIDQDGKLTAEEF
1,DVNCDGRMQFDE
1,DKNGDGSLTNAE
1,DLNGDGRVQFGE
1,DTNGDGKISLAE
1,DTDGDGFIDFDE
1,DTNGDGKISLSE
1,DTDGDGFIDFNE
1,DMNNDGRMDQVE
1,DKDNNGKLTREE
1,DKDKDGSVSFKE
1,DTNKSGTLDIHE
1,DKNRDNQIDFNE
1,DNDQSGYLDEEE
1,DTDNSGFIDFKE
1,DIDGNGTIDEKE
1,DVNNDKELTLKE
1,DINGNGQITLDE
1,DKDGSGTITLDE
1,DLDNSGELDVDE
1,DADGDGYITIQE
1,DDDQDQRISQND
1,DNDGDGKIGAEE
1,LAADAFKELDDDMDGTVSVTELQT
1,SRREGDKDTLTRKE
1,DNNKDQQLSFGE
1,DVDKDGSLDSNE
1,DSNKNHRIEWDE
1,DKKGQGAIAKDS
1,DKESTGKVSVGD
1,EVDELLKGVEVD
1,DANNDGHLSAAE
1,DKTLDEQVDQEE
1,DINSNGQINLNE
1,DKDRNGSVSLDE
1,DLDGDGKLDVDE
1,DIDCNGCVSKAE
1,DRTNSGRITLLD
1,DIDNNGCVSKAE
1,DRCSNGKITLLD
1,EQDNNQILSDEE
1,DLDEDGALSPSE
1,DENRDGQIDFRE
1,DVDCDKLLSDEE
1,DLDGDGCITREE
1,DHDHDGRLLQED
1,DEDGSGEIEFEE
1,DEDGSGTIDFNE
1,DEDKSGRLEFEE
1,DMNGDGCITRDE
1,DLDHDGRLTPEE
1,DEDGSGQIEFSE
1,DRNADGYIDAEE
1,DKDGDGEVLLEEF
1,DEDGSGTIDFME
1,DEDGSGTVDFDQ
1,NKNNDGRIDYDE
1,DEDGSGTLDFDE
1,DEDKSGRLEFGE
1,DKSMTGSLSLQD
1,DFNGDGFMDKPD
1,DQDRDHGLSDEE
1,DIDGDNLLNDYE
1,DRDGDGALSPEE
1,DQDNDGKLERGE
1,DTSRNHFIEKGE
1,DTDGDGKISAAE
1,DTDGDGNISFQE
1,DLNGDGKISSAE
1,DTDGDGFISYEE
1,DANGDGKISGSE
1,DADGDGYVSLQE
1,DRDCNGSISAAE
1,DKNGDGLISVEE
1,DANGDGQISATE
1,DTNKDGFISFQE
1,DTDGDGYVSLQE
1,DRDCNGTISPAE
1,DKNGDGLINVEE
1,DENKDGFISFGE
1,DLDNDGFITRDE
1,DKNKDDKLTFDE
1,DLDEDGYVTERE
1,DTDGNGYISCNE
1,DLDQDGKISFDE
1,DMDRSFIEEE
1,IGVEE
1,DKDNDGKVSIEE
1,DKEGNGTIQEAE
1,DANGDGKISASE
1,DTNGDGKISSSE
1,DTDGDGFISFDE
1,DTDGDGFISFQE
1,DINGNGKITLDE
1,DLDNSGDLDVDE
1,DESGSGEVDLRE
1,DQDQSGFIEEDE
1,DEDGDGMIGVDE
1,DRNQDGRMSFRE
1,DVTQSDDLGSEE
1,DQDHSGFIEEEE
1,DADKSGRLEFDE
1,DTNKDNTVDLQE
1,DIDGNGYITKSE
1,DVNGDGKLSFNE
1,DEDGGGDISTKE
1,DEDASGTIDFEE
1,DKNGDGFIDKDE
1,DRNADGYIDPEE
1,DCDGAALTKKDL
1,DLDSNGRVDFNE
1,DDDNSGTITIKD
1,DRNDDNEIDEDE
1,DRNHDCLISVEE
1,DENGDGFISAKE
1,EQDHDGRVDFFE
1,DQNNDGKIDYGE
1,DANRDGRISPEE
1,DTDGDGMLDFEE
1,DKNGDGRISIEE
0,DDVNDIAKLVGN
0,DVNDIAKLVGN
0,DIAKLVGNLPNDY
0,DYLITLKYVPKMD
0,DSLPNHCWLHLMV
0,DISDMSDVLSNYS
0,DMSDVLSNYSIIN
0,DVLSNYSIINN
0,DLMACLAFDKN
0,DKNKDFIKENGHL
0,DFIKENGHLYEEDR
0,DRFIPENFFRLFNS
0,DSLDKNDCIMPST
0,DKNDCIMPSTVET
0,DCIMPSTVETPEN
0,DSRVAVTKTISFP
0,DSIGSNTSSNS
0,DNVKDITKLVANL
0,DITKLVANLPND
0,DYMITLNYVAG
0,DVLPSHCWLRDM
0,DMVTHLSVSLTT
0,DKFSNISEGLSNY
0,DKLGKIVDDLV
0,DDLVACMEENAP
0,DLVACMEENAPK
0,DAFKDFMVASDT
0,DFMVASDTSDCVLS
0,DTSDCVLSSTLG
0,DCVLSSTLGPEKD
0,DSRVSVTKPFMLPP
0,DSSSSNRKAAKS
0,DPGLQWTAMAL
0,DNEISMLQQKER
0,DTRYLEQLHQL
0,DSFPMELRQLL
0,DWAYAASKESHATL
0,DQQYSRFLQESNVL
0,DVRKRVQDLEQKMK
0,DLEQKMKVVEN
0,DDFDFNYKTLK
0,DFDFNYKTLKSQG
0,DFNYKTLKSQGDMQ
0,DMQDLNGNNQS
0,DLNGNNQSVTRQKM
0,DQMRRSIVSEL
0,DEELADWKRRQ
0,DWKRRQQIACIGGP
0,DRLENWITSLAE
0,DPIVQHRPMLEE
0,DRPLVIKTGVQF
0,DKDSGDVAALRG
0,DSGDVAALRGSR
0,DVAALRGSRKFNIL
0,DASLIVTEELH
0,DLETHSLPVVVI
0,DQVAEVLSWQFS
0,DNIIDLVKKYIL
0,DLVKKYILALWNEG
0,DISGKTQIQSV
0,DATNILVSPLV
0,DIPKEDAFGKYC
0,DAFGKYCRPESQE
0,DPGSAAPYLKT
0,DLPMSPRTLDSLM
0,DSLMQFGNNGE
0,DMELTSECATSP
0,DNVKDITKLVANLP
0,DITKLVANLPNDYM
0,DYMITLNYVAGM
0,DVLPSHCWLRDMVI
0,DMVIQLSLSLTTLL
0,DKFSNISEGLSN
0,DKLGKIVDDLV
0,DDLVLCMEENA
0,DLVLCMEENAPKN
0,DAFKDFMVASDTSD
0,DFMVASDTSDCVL
0,DTSDCVLSSTL
0,DCVLSSTLGPEKDS
0,DSRVSVTKPFMLP
0,DSSSSNRKAAKA
0,DSGLQWTAMAL
0,DNEISMLQQKEREF
0,DTRYLEQLHQLY
0,DSFPMELRQFL
0,DWAYAASKESHAT
0,DQQYSRFLQESNV
0,DVRKRVQDLEQ
0,DLEQKMKVVENL
0,DDFDFNYKTLKSQG
0,DFDFNYKTLKS
0,DFNYKTLKSQGDMQ
0,DMQDLNGNNQSVT
0,DLNGNNQSVTR
0,DQMRRSIVSELAG
0,DEELADWKRRQQIA
0,DWKRRQQIACIGGP
0,DRLENWITSLAE
0,DPIVQHRPMLEE
0,DRPLVIKTGVQF
0,DKDSGDVAALRGSR
0,DSGDVAALRGSRKF
0,DVAALRGSRKF
0,DASLIVTEELHLIT
0,DLETHSLPVVV
0,DQVAEVLSWQFSST
0,DNIIDLVKKYILA
0,DLVKKYILALWNE
0,DISGKTQIQSVE
0,DATNILVSPLV
0,DIPKEEAFGKYC
0,DPGSAAPYLKTKF
0,DLPMSPRTLDSLMQ
0,DSLMQFGNNGEG
0,DMELTSECATSPM
0,DTRYLEQLHQLYS
0,DSFPMELRQFLAP
0,DWAYAASKESHATL
0,DQQYSRFLQESNV
0,DVRKRVQDLEQKMK
0,DLEQKMKVVENLQ
0,DDFDFNYKTLKSQ
0,DFDFNYKTLKS
0,DFNYKTLKSQGD
0,DMQDLNGNNQSVT
0,DLNGNNQSVTR
0,DQMRRSIVSELAGL
0,DEELADWKRRQQI
0,DWKRRQQIACI
0,DRLENWITSLAES
0,DPIVQHRPMLEE
0,DRPLVIKTGVQ
0,DKDSGDVAALR
0,DSGDVAALRGS
0,DVAALRGSRKFNI
0,DASLIVTEELHLI
0,DLETHSLPVVVI
0,DQVAEVLSWQFSS
0,DNIIDLVKKYILAL
0,DLVKKYILALWNE
0,DISGKTQIQSV
0,DATNILVSPLVY
0,DIPKEEAFGKY
0,DPGSAAPYLKTK
0,DLPMSPRTLDS
0,DSLMQFGNNGE
0,DMDLTSECATSP
0,DLTSECATSPM
0,DTRYLEQLHQL
0,DSFPMELRQFLA
0,DWAYAASKESHA
0,DQQYSRFLQES
0,DVRKRVQDLEQ
0,DLEQKMKVVEN
0,DDFDFNYKTLKSQ
0,DFDFNYKTLKSQG
0,DFNYKTLKSQG
0,DMQDLNGNNQSV
0,DLNGNNQSVTRQK
0,DQMRRSIVSEL
0,DEELADWKRRQQI
0,DWKRRQQIACIGGP
0,DRLENWITSLA
0,DPIVQHRPMLE
0,DRPLVIKTGVQF
0,DKDSGDVAALRG
0,DSGDVAALRGSRK
0,DVAALRGSRKFN
0,DASLIVTEELHLIT
0,DLETHSLPVVVI
0,DQVAEVLSWQFSST
0,DNIIDLVKKYIL
0,DLVKKYILALWN
0,DISGKTQIQSV
0,DATNILVSPLVYLY
0,DIPKEEAFGKY
0,DPGSAAPYLKT
0,DLPMSPRTLDSLMQ
0,DSLMQFGNNGE
0,DMELNSECATSPM
0,DTRYLEQLHQL
0,DSFPMELRQFLA
0,DWAYAASKESHAT
0,DQQYSRFLQESNV
0,DVRKRVQDLEQ
0,DLEQKMKVVENLQD
0,DDFDFNYKTLKSQG
0,DFDFNYKTLKSQGD
0,DFNYKTLKSQGDM
0,DMQDLNGNNQSVT
0,DLNGNNQSVTRQ
0,DQMRRSIVSELA
0,DEELADWKRRQQIA
0,DWKRRQQIACIGG
0,DRLENWITSLAE
0,DPIVQHRPMLE
0,DLFRNLMKSAFVVE
0,DRPLVIKTGVQFTT
0,DKDSGDVAALRGS
0,DSGDVAALRGSRK
0,DVAALRGSRKFN
0,DASLIVTEELHLI
0,DLETHSLPVVVISN
0,DQVAEVLSWQF
0,DNIIDLVKKYILA
0,DLVKKYILALWNE
0,DISGKTQIQSVEPY
0,DATNILVSPLVY
0,DIPKEEAFGKY
0,DPGSAAPYLKT
0,DLPMSPRTLDSL
0,DSLMQFGNNGE
0,DMDLTSECATSPM
0,DLTSECATSPM
0,DPCGTKPVQESN
0,DRHSSQGRPQPDQD
0,DQDPVAKEAPT
0,DPVAKEAPTSELQM
0,DFFRKLGYSSSEI
0,DTNTVLGELVKHGS
0,DREGSDLRPVV
0,DLRPVVIDGSN
0,DGSNVAMSHGNKE
0,DITVFVPSWRKE
0,DVPITDQHILR
0,DQHILRELEKKKI
0,DDRFIVKLAFE
0,DRFIVKLAFESDG
0,DGVVVSNDTYR
0,DTYRDLQGERQE
0,DLQGERQEWKRF
0,DKFMPPDDPLG
0,DDPLGRHGPSL
0,DPLGRHGPSLDNF
0,DNFLRKKPLPSEHR
0,DELRANALLSPPR
0,DKSSQRPSPASQSS
0,DGKKLGARSSP
0,DSLPYTSQECLDSG
0,DSGIGSLESQM
0,DYVPPPPTYPSR
0,DLAKERAGVYTK
0,DPQQLAAEILSY
0,DGDFPPHELPP
0,DFPPHELPPPGGGI
0,DFPQDPSCLEDLS
0,DPSCLEDLSNASVF
0,DLSNASVFSSS
0,DSLSDIPDTPDFL
0,DIPDTPDFLQADS
0,DTPDFLQADSLNE
0,DFLQADSLNEV
0,DSLNEVPTIWDVST
0,DVSTTSTTHDKLFI
0,DKLFIPSGPFS
0,DPVTSLSSTPLLIS
0,DYVPSKSKIGK
0,DRVVETSTLSSV
0,DITYTLALPTSDN
0,DNSTLSALQLEAIT
0,DGAGVGKGRTV
0,DLKYDAERDLRDI
0,DAERDLRDIEA
0,DLRDIEAPGIAVH
0,DIEAPGIAVHALS
0,DNTTSEGVLFATY
0,DGVIVFDECHKA
0,DECHKAKNASS
0,DLQSKLPQARV
0,DMKVSGMYIARQ
0,DWIGLESRKSL
0,DKCVVIGLQSTGEA
0,DENEGRLDCFVS
0,DCFVSAAEGVFLS
0,DRGGGKRKRRP
0,DGSSTESDAGLDSD
0,DAGLDSDFNSSP
0,DSDFNSSPESLVD
0,DFNSSPESLVDD
0,DDDVVIVDAPT
0,DDVVIVDAPTHPT
0,DVVIVDAPTHPT
0,DAPTHPTDDRGS
0,DDRGSLYPLQRDL
0,DRGSLYPLQRD
0,DLQGPGVVERV
0,DQLIHQLGGPE
0,DGTVVFESRAEQG
0,DHVNLREKQRFM
0,DRRVQNQRRRVH
0,DRAIQQFGRTH
0,DRRATESRDLSKY
0,DLSKYNFENKYGA
0,DNRVPLPQGYPG
0,DTAFFRDMKQGLL
0,DMKQGLLSVGIGS
0,DVEKDCSITKF
0,DCSITKFLNRIL
0,DTFDHLIEIDK
0,DHLIEIDKKEGRY
0,DKKEGRYDMGILD
0,DMGILDLAPGINE
0,DLAPGINEIHEES
0,DGQVVFYKQIS
0,DRGMKWEEALT
0,DGFYLSYKVRGSK
0,DSLCRKFHRVT
0,DVSSSSYLQIVR
0,DKKKQVGIKIPEGC
0,DAEVKRRSTHGLA
0,DLTYSPPAEAFPT
0,DPSSLMLGARDP
0,DPATNPVELAHQ
0,DINFREVLEDML
0,DMLRSLRAGPTE
0,DVTKLVANLPKD
0,DYMITLKYVPGMDV
0,DVLPSHCWISE
0,DSLTDLLDKFS
0,DLLDKFSNISEGL
0,DKFSNISEGLS
0,DKLVNIVDDLVE
0,DDLVECVKENSS
0,DLVECVKENSSKDL
0,DLKKSFKSPEPRLF
0,DAFKDFVVASE
0,DFVVASETSDCV
0,DCVVSSTLSPE
0,DSRVSVTKPFMLPP
0,DSSSSNRKAKNP
0,DSSLHWAAMALPAL
0,DNEISMLQEKE
0,DKILRAKRKQFI
0,DELLEKRVLNQE
0,DKIKLANITAM
0,DKARDLCDHVS
0,DLCDHVSKKGPQ
0,DHVSKKGPQASQI
0,DCYLAGILELQS
0,DSKGGHPSSSETKE
0,DGTFPGLTGTL
0,DLREMKLLLED
0,DLGYTVKVKENL
0,DSTFLVFMSHGI
0,DILKVDTIFQMMNT
0,DTIFQMMNTLKC
0,DKPKVIIIQAC
0,DSVRDSEEDFLTDA
0,DSEEDFLTDAIFED
0,DFLTDAIFEDDGIK
0,DAIFEDDGIKKAH
0,DDGIKKAHIEKD
0,DGIKKAHIEKD
0,DFIAFCSSTPDN
0,DNVSWRHPVRGS
0,DLEDIFRKVRFS
0,DIFRKVRFSFEQPE
0,DRVTLTKRFYL
0,DCYFSHSPISSNFK
0,DHLLKDYPVTV
0,DYPVTVAVNLQDEK
0,DEKHCKALWSL
0,DVNTEIHFVTSCTF
0,DTCTQLLALKPCIG
0,DSSTLLPPRSPIA
0,DKVLRAKRKQFI
0,DELLEKRVLNQ
0,DTIKLANITVMEK
0,DLCDHVTKKGPRA
0,DHVTKKGPRASQ
0,DCYLAEILELQ
0,DSKGGHPFSSE
0,DFQHLSRRVGADVD
0,DVDLREMKLLLQDL
0,DLREMKLLLQDLG
0,DLGYTVKVKENLTA
0,DSTFLVFMSHGL
0,DILKVDTIFQM
0,DTIFQMMNTLKCPS
0,DKPKVIIIQACRGE
0,DSVGNSEEGFLTDA
0,DAIFEDDGIKKA
0,DDGIKKAHIEKDFI
0,DGIKKAHIEKDFI
0,DFIAFCSSTPDN
0,DNVSWRHPVRGSL
0,DLEDIFRKVRF
0,DIFRKVRFSFEQPD
0,DSRLQMPTTER
0,DIKADLILTSTAP
0,DLILTSTAPEHLSA
0,DNNTFQECSHYL
0,DIQLYQTFVVQ
0,DPQKPQRRAVQKL
0,DRSWTELIVNH
0,DELKRYTFRVRSR
0,DLVTEYQGNFS
0,DYSERFCHVSE
0,DPSDLLQHVKFQ
0,DLLQHVKFQSSN
0,DSGPEGTPDTV
0,DTVYSIEYKTY
0,DWVAKKGCQRITR
0,DRFSSLQHTTL
0,DVTCISKVRSIQMI
0,DGHRLTLEDIFHDL
0,DIFHDLFYHLELQV
0,DLFYHLELQVNRTY
0,DTEFLGTIMIC
0,DRTWTYSFSGAF
0,DLSGPSSLAQPV
0,DISILQPSNVPPP
0,DSWPPSYGVCMEGS
0,DSPTGTLSSPKH
0,DRTSDPNVLHS
0,DPNVLHSGEEGTPQ
0,DQGPSPWGLLESLV
0,DEAKSPAPETS
0,DLEQPTELDSLFR
0,DSLFRGLALTV
0,DHLAEDLCVQAAKA
0,DLCVQAAKASGIL
0,DLSCWFPPSHIF
0,DASTQVLLYRIRF
0,DLASAILDLPV
0,DLPVLEHLFAQHRS
0,DLVSGRLPVGL
0,DLARMAREQAQR
0,DLIQGLSFVTRRRI
0,DRHSLMAKYIMD
0,DLERLDPAGAAETF
0,DPAGAAETFHVGL
0,DGLGLLRVAGD
0,DGGIAWTQGEQEV
0,DFPEIVDISIK
0,DISIKQAPRVG
0,DNQILEAEFPG
0,DGYFRLTTDSQHF
0,DSQHFFCKEVA
0,DFAINKLKTGGSR
0,DFDSFLLTVCVQN
0,DSFLLTVCVQN
0,DYKGCLIRRSPTGT
0,DGGLHVDGVAVTL
0,DGVAVTLTSCCIPR
0,DSLEWHENLGHG
0,DGEARKTEVLLKVM
0,DAKHKNCMESFL
0,DSTMVQEFVHL
0,DMYLRKRGHLV
0,DKGLPHGNVSARKV
0,DGSPPFIKLSDPG
0,DPGVSPAVLSLEML
0,DRIPWVAPECLREA
0,DKWGFGATVWEVF
0,DPAKKLQFYEDRQ
0,DRQQLPAPKWTE
0,DLNSLISSDYELLS
0,DYELLSDPTPG
0,DPTPGALAPRD
0,DGLWNGAQLYACQD
0,DPTIFEERHLKY
0,DPLGDNTGALVA
0,DNTGALVAVKQL
0,DQQRDFQREIQI
0,DFQREIQILKAL
0,DFIVKYRGVSYG
0,DFLQRHRARLDASR
0,DASRLLLYSSQI
0,DLAARNILVESE
0,DFGLAKLLPLDKDY
0,DKDYYVVREPG
0,DYYVVREPGQS
0,DNIFSRQSDVW
0,DVWSFGVVLYELF
0,DKSCSPSAEFLRM
0,DVPALCRLLELLEE
0,DRPSFSALGPQL
0,DMLWSGSRGCETH
0,DCSFQHSPISS
0,DFAVKIRELSDYLL
0,DYLLQDYPVTVA
0,DYPVTVASNLQDE
0,DEELCGGLWRLV
0,DSSTLPPPWSP
0,DLLLVEH
0,DIPGNANSVKQI
0,DPVLQVYLYHS
0,DYLKFPAGEYV
0,DESTRHNVLYRI
0,DDFVMSYLFAQWRH
0,DFVMSYLFAQWRH
0,DFLYGWVKIPV
0,DMMRIAKEKDQ
0,DQTPLDIYSSVS
0,DIYSSVSYKTFL
0,DYHILTRKRIRY
0,DLQLYCDFPDIIDV
0,DFPDIIDVSIK
0,DIIDVSIKQAN
0,DVSIKQANQEGS
0,DGKSLEIELSS
0,DGYYRLTADAHHY
0,DAHHYLCKEVAPP
0,DFAISKLKKAGN
0,DFNKYFLTFAVE
0,DLLNCYQMETVR
0,DSIIFQFTKCCPP
0,DKSNLLVFRTNGIS
0,DVPTSPTLQRHNN
0,DLIFNESLGQGTF
0,DYGQLHETEVLL
0,DKAHRNYSESF
0,DTYLKKNKNSINIL
0,DRKTGNPPFIKLSD
0,DPGISITVLPKDIL
0,DILQERIPWVPPE
0,DKWSFGTTLWEI
0,DKPLNALDSQR
0,DSQRKLQFYEDRH
0,DRHQLPAPKWTE
0,DYEPDFRPSFR
0,DFRPSFRAIIRDLN
0,DLNSLFTPDYELLT
0,DYELLTENDMLPNM
0,DMLPNMRIGALG
0,DRDPTQFEERHL
0,DPTQFEERHLKF
0,DPLQDNTGEVVAVK
0,DNTGEVVAVKKLQ
0,DFEREIEILKS
0,DNIVKYKGVCYS
0,DYLQKHKERIDHKK
0,DHKKLLQYTSQI
0,DLATRNILVENEN
0,DFGLTKVLPQDKE
0,DKEYYKVKEPGESP
0,DVWSFGVVLYEL
0,DKQGQMIVFHLIEL
0,DGCPDEIYIIM
0,DEIYIIMTECW
0,DLALRVDQIRDSM
0,DQIRDSMA
0,DSMA
0,DLSAETSDYEHQYY
0,DYEHQYYAKVKAI
0,DEKSISVVLTA
0,DLPVSMQQIYSN
0,DQSSEFKAKII
0,DKRFFVPAEKIVI
0,DDSKISHQDMSL
0,DSKISHQDMSLLG
0,DMSLLGKSSDV
0,DVSSLNDPQPS
0,DPQPSGNLRPP
0,DSEENTEGTSLT
0,DKTVIEYEYDVRT
0,DVRTTDICAGP
0,DICAGPEEQEL
0,DLDPLAQEHTDS
0,DPLAQEHTDSEEG
0,DSEEGPEEEPSTTL
0,DWDPQTGRLCIPSL
0,DPQTGRLCIPSL
0,DQDSEGCEPSE
0,DSEGCEPSEGD
0,DGLGEEGLLSRLYE
0,DRPPGENETYLMQ
0,DISGNANSMKQIDP
0,DPVLQVYLYHSLG
0,DYLTFPSGEYVA
0,DESTRHNVLYRI
0,DDFVMSYLFAQ
0,DFVMSYLFAQWRH
0,DFVHGWIKVPVTH
0,DMMRIAKENDQTP
0,DQTPLAIYNSIS
0,DYHILTRKRIR
0,DLQLYCDFPNII
0,DFPNIIDVSIKQA
0,DVSIKQANQEGSNE
0,DGKNLEIELSSL
0,DGYYRLTADAHHY
0,DAHHYLCKEVAPPA
0,DFAISKLKKAGN
0,DFNKYFLTFAVE
0,DLLNCYQMETVRSD
0,DNIIFQFTKCC
0,DKSNLLVFRTNGVS
0,DVPTSPTLQRP
0,DLIFNESLGQGTFT
0,DYGQLHETEVLLKV
0,DKAHRNYSESF
0,DENILVQEFVKFGS
0,DTYLKKNKNCI
0,DRKTGNPPFIK
0,DPGISITVLPKDIL
0,DILQERIPWVPPEC
0,DKWSFGTTLWE
0,DKPLSALDSQR
0,DSQRKLQFYEDR
0,DRHQLPAPKWAELA
0,DYEPDFRPSFR
0,DFRPSFRAIIRDLN
0,DLNSLFTPDYELLT
0,DYELLTENDMLP
0,DMLPNMRIGALGFS
0,DRDPTQFEERH
0,DPTQFEERHLKF
0,DPLQDNTGEVVAV
0,DNTGEVVAVKKLQ
0,DFEREIEILKS
0,DNIVKYKGVCY
0,DYLQKHKERIDHI
0,DHIKLLQYTSQI
0,DLATRNILVENE
0,DFGLTKVLPQDKE
0,DKEYYKVKEPG
0,DVWSFGVVLYELFT
0,DKQGQMIVFHLIEL
0,DGCPDEIYMIMTEC
0,DEIYMIMTECWNNN
0,DLALRVDQIRDN
0,DQIRDNMAG
0,DNMAG
0,DEVAILPAPQNLS
0,DVTDDITATVPY
0,DDITATVPYNLR
0,DITATVPYNLRVRA
0,DGFHLVIELEDLGP
0,DLGPQFEFLVAY
0,DTLKITNSPQKLIS
0,DACATAVMSPEELL
0,DTTADFFLTTMPT
0,DFFLTTMPTDSLS
0,DSLSVSTLPLPEVQ
0,DNDKVQKCSHYLFS
0,DKVQKCSHYLFS
0,DPREPRRQATQMLK
0,DWDHSWTEQSVDY
0,DHSWTEQSVDYRH
0,DYRHKFSLPSVDG
0,DGQKRYTFRVR
0,DLVTEYHGNFSA
0,DYSERLCLVSEI
0,DIPGSANSVKQI
0,DESTRHDILYRIR
0,DILYRIRFYFPHW
0,DDFVMSYLFAQWRH
0,DFVMSYLFAQWRH
0,DFVHGWIKVPVT
0,DMMRIAKEKDQTPL
0,DQTPLAVYNSV
0,DYHILTRKRIR
0,DVQLYCDFPDIID
0,DFPDIIDVSIKQ
0,DIIDVSIKQAN
0,DVSIKQANQECS
0,DGKVLEIELSSLKE
0,DGYYRLTADAHHY
0,DAHHYLCKEVA
0,DFAISKLKKAG
0,DFNKYFLTFAVER
0,DLLNCYQMETVRS
0,DSIIFQFTKCCPPK
0,DKSNLLVFRTNGI
0,DVQISPTLQRHNN
0,DLIFNESLGQG
0,DYGQLHKTEVLL
0,DKAHRNYSESFFEA
0,DTYLKKNKNSIN
0,DRRTGNPPFIKL
0,DPGISITVLPKDIL
0,DILQERIPWVP
0,DKWSFGTTLWEI
0,DKPLSALDSQR
0,DSQRKLQFYED
0,DKHQLPAPKWTE
0,DYEPDFRPAFRAVI
0,DFRPAFRAVIR
0,DLNSLFTPDYELLT
0,DYELLTENDMLPNM
0,DMLPNMRIGALG
0,DRDPTQFEERHLKF
0,DPTQFEERHLKFL
0,DPLQDNTGEVVAVK
0,DNTGEVVAVKKL
0,DFEREIEILKS
0,DNIVKYKGVCYSAG
0,DYLQKHKERID
0,DHKKLLQYTSQI
0,DLATRNILVENENR
0,DFGLTKVLPQD
0,DKEYYKVKEPGE
0,DVWSFGVVLYELFT
0,DKQGQMIVFHLIE
0,DEIYVIMTECW
0,DLSLRVDQIRD
0,DQIRDSIAA
0,DSIAA
0,DIPGNANSVKQTE
0,DYLKFPNGEYVAEE
0,DESTRHNILYR
0,DDFVMSYLFAQWRH
0,DFVMSYLFAQWRHD
0,DFVHGWIKVPVTHE
0,DMMRIAKEKDQT
0,DQTPLAVYNSISYK
0,DYHILTRKRIRYRF
0,DLQLYCDFPDIIDV
0,DFPDIIDVSIK
0,DIIDVSIKQANQEC
0,DVSIKQANQEC
0,DGKVLEIELSSLKE
0,DGYYRLTADAHHY
0,DAHHYLCKEVAP
0,DFAISKLKKAGNQT
0,DFNKYFLTFAVER
0,DLLNCYQMETVRS
0,DSIIFQFTKCC
0,DKSNLLVFRTNGVS
0,DVQLSPTLQRH
0,DLIFNESLGQGTF
0,DYGQLHETEVLL
0,DKAHRNYSESFF
0,DTYLKKNKNSINI
0,DRKTGNPPFIKLS
0,DPGISITVLPKDIL
0,DILQERIPWVPP
0,DKWSFGTTLWEIC
0,DKPLSALDSQRKL
0,DSQRKLQFYEDKHQ
0,DKHQLPAPKWTE
0,DYEPDFRPAFRA
0,DFRPAFRAVIR
0,DLNSLFTPDYELL
0,DYELLTENDMLP
0,DMLPNMRIGALG
0,DRDPTQFEERH
0,DPTQFEERHLKFLQ
0,DPLQDNTGEVVA
0,DNTGEVVAVKKL
0,DFEREIEILKS
0,DNIVKYKGVCYSAG
0,DYLQKHKERIDHK
0,DHKKLLQYTSQI
0,DLATRNILVEN
0,DFGLTKVLPQDKE
0,DKEYYKVKEPGESP
0,DVWSFGVVLYEL
0,DKQGQMIVFHLIEL
0,DEIYVIMTECWNN
0,DLSLRVDQIRDSMA
0,DQIRDSMAA
0,DSMAA
0,DYLAEDLCVRAAKA
0,DLCVRAAKACGI
0,DFSCWFPPSHIFC
0,DVDTQVLVYRLRFY
0,DTQVLVYRLRFYF
0,DWFGLETCHRFG
0,DLTSAILDLHVLEH
0,DLHVLEHLFAQHRS
0,DLVSGRLPVGL
0,DLAQMAREQAQRP
0,DVIQGQNFVTRR
0,DRYALMAKYIL
0,DLERLHPAATTET
0,DNGISWSSGDQEL
0,DQELFQTFCDFPEI
0,DFPEIVDVSIKQ
0,DVSIKQAPRVG
0,DGHILEAEFPGLP
0,DGYFRLICDSR
0,DSRHYFCKEVAPP
0,DFAIHKLKAAGSL
0,DYDSFLLTACV
0,DSFLLTACVQTP
0,DYKGCLIRQDP
0,DPSGAFSLVGL
0,DGAALNLTSCC
0,DSLEWHENLGHGS
0,DGETHDSEVLL
0,DSEVLLKVMDSR
0,DSRHRNCMESFLEA
0,DSIMVQEFVYL
0,DMYLRKRGHLVSA
0,DKGLPHGNVSARKV
0,DGNPPFIKLSDPGV
0,DPGVSPTVLSL
0,DRIPWVAPECLQ
0,DKWGFGATTWEVFS
0,DQGQLPALKWTE
0,DPGRRPSFRAIL
0,DLNGLITSDYE
0,DYELLSDPTPG
0,DPTPGIPSPRD
0,DELCGGAQLYACQ
0,DPAIFEERHLKYIS
0,DPLGDNTGPLVAVK
0,DNTGPLVAVKQLQH
0,DQQRDFQREIQIL
0,DFQREIQILKAL
0,DFIVKYRGVSYGPG
0,DFLQRHRARLH
0,DRLLLFAWQIC
0,DLAARNILVESEAH
0,DFGLAKLLPLGKD
0,DYYVVREPGQSPI
0,DNIFSRQSDVW
0,DVWSFGVVLYEL
0,DKSCSPSAEFLRM
0,DRPAFGTLSPQL
0,DALWRGRPG
0,DIILPEVIKTLNL
0,DVLAVPKNTTE
0,DRNLCSMARMNY
0,DFLDRLKTTMQ
0,DRLKTTMQKKYSK
0,DLFEDLMNCFS
0,DLMNCFSENEE
0,DSYASDDSSLNQK
0,DDSSLNQKSFYDAS
0,DSSLNQKSFYDAS
0,DASYSQLHKDCV
0,DCVNTASRNTSE
0,DGNILKKRRLSL
0,DDLETIANDPEEEI
0,DLETIANDPEEEI
0,DPEEEIIVSTSATY
0,DPLNQILIRDNSD
0,DNSDQFLRAAAL
0,DQFLRAAALQN
0,DDAVLFDMEMY
0,DAVLFDMEMYRTEL
0,DMEMYRTELEDSTI
0,DSTIPVTLRISN
0,DITDSELDLLF
0,DSELDLLFLWES
0,DLLFLWESQGTKEY
0,DFLISEKQS
0,DLQVLLKGVND
0,DYKNSKLSRMLTF
0,DLEHLQCLEEELKP
0,DQSKNSHLRNIREL
0,DDETVTVVELLNRW
0,DETVTVVELLNR
0,DVISDLKRIEDLIQ
0,DLKRIEDLIQS
0,DLIQSTHIDATLYT
0,DATLYTESDAH
0,DAHPNCKVTAMKCF
0,DMDINETVQNLIIL
0,DINETVQNLIIL
0,DGRDLCLDPKQK
0,DLCLDPKQKWVQKV
0,DPKQKWVQKVVQ
0,DVYVVELDWYPDA
0,DWYPDAPGETVVLT
0,DAPGETVVLTCDT
0,DTSEEDGITWT
0,DGITWTSEQSSEVL
0,DAGQYTCHKGG
0,DGIWSTDILKDQKE
0,DILKDQKEPKQRT
0,DQKEPKQRTFLKCE
0,DVKFSVKSNRGSSD
0,DPQAVTCGAPTLSA
0,DHKEYLKYSVE
0,DNACPTAEESLH
0,DAIYRRKYENY
0,DIVKPDPPKNL
0,DPPKNLQLEPL
0,DTWSTPHSYFPLTF
0,DRLCVDETTATVTC
0,DETTATVTCHKDA
0,DAKIRVQARDR
0,DRYYSSSWSEWTSV
0,DLFFEENDPKSMKS
0,DPKSMKSYLLDPDE
0,DPDEGIQLHIS
0,DEGIQLHISPG
0,DGGLRTFFSLI
0,DTEDDSFECDAIQ
0,DDSFECDAIQS
0,DSFECDAIQSLHCK
0,DAIQSLHCKLRDA
0,DAHQKCLTLSE
0,DKIPVALGLRGKNL
0,DEKPTLQLESVD
0,DPNHYPRKKMEK
0,DKVEFESAQFPNW
0,DITDFSMEFVSS
0,DFSMEFVSS
0,DIQMTQTTSSLS
0,DRVTISCRASQD
0,DISNYLNWYQQKPD
0,DGTVKLLIYYTSRL
0,DYSLTISNLEQ
0,DIATYFCQQGNTLP
0,DIILPEVIKTLNLL
0,DVLAVPKNTTEK
0,DRNLCSMARMNYCP
0,DFLDRLKTTMQ
0,DRLKTTMQKKYSKH
0,DLGLFQCLNHSQNL
0,DTLHKARQTLEFY
0,DHEDITKDKTS
0,DITKDKTSTVKAC
0,DKTSTVKACLPL
0,DLKMYQVEFMAM
0,DPKRQIFLDQD
0,DQDMLGAIEELMQ
0,DMLGAIEELMQ
0,DFYKTKIKLCIL
0,DRMMSYLSSS
0,DLFFEADGPKYMKS
0,DGPKYMKSCFQDL
0,DLDLCCPEEGI
0,DLCCPEEGIQLR
0,DGGLRTFFSLI
0,DTWDDYSLECDAV
0,DDYSLECDAVRS
0,DYSLECDAVRSLHC
0,DAVRSLHCRLQD
0,DAQQKSLVLSGTY
0,DKIPVALGLRGKNL
0,DDKPTLQLESVDPN
0,DKPTLQLESVDP
0,DPNRYPKKKMEKR
0,DKLEFESAQFPNWY
0,DLIDFSMEFVSS
0,DFSMEFVSS
0,DLGLFQCLNHS
0,DTLHKARQTLEF
0,DHEDITKDKTS
0,DITKDKTSTVKAC
0,DKTSTVKACLPL
0,DLKMYQVEFMAMNA
0,DPKRQIFLDQDML
0,DQDMLGAIEELMQA
0,DMLGAIEELMQ
0,DFYKTKIKLCILL
0,DRMMSYLSSS
0,DQLLLDLQVLL
0,DLQVLLKGVNDY
0,DYKNSKLSRML
0,DETVTVVEFLNRW
0,DGRELCLDPKE
0,DPKEKWVQKVVQI
0,DLFFEADGPKYMK
0,DGPKYMKSCFQDLD
0,DLDLCCPEEGIQL
0,DLCCPEEGIQLR
0,DGGLRTFFSLI
0,DTWDDYSLECDAVR
0,DDYSLECDAVR
0,DYSLECDAVRSLH
0,DAVRSLHCRLQDA
0,DAQQKSLVLSGTYE
0,DKIPVALGLRGKN
0,DDKPTLQLESVDPN
0,DKPTLQLESVDP
0,DPNRYPKKKMEKR
0,DKLEFESAQFPNW
0,DLIDFSMEFVSS
0,DFSMEFVSS
0,DNTLYFITENDET
0,DETLESDYFGKLEP
0,DYFGKLEPKIS
0,DQVLFMDQGQQ
0,DQGQQPVFEDMP
0,DMPDSDCIDNAPQT
0,DSDCIDNAPQTI
0,DCIDNAPQTIFI
0,DNAPQTIFIIHMYK
0,DSNTRGMAVSL
0,DDINDTKSDIIF
0,DINDTKSDIIFFQK
0,DTKSDIIFFQK
0,DIIFFQKHLAG
0,DKMQFESSLYDGY
0,DGYFLACGKEKDL
0,DLFKLVLKRNDDKN
0,DDKNDKSVIFSVQ
0,DKNDKSVIFSVQN
0,DKSVIFSVQNK
0,DLFEDLKNCFSE
0,DLKNCFSENEDYSS
0,DYSSAIDPLSLNQK
0,DPLSLNQKSFYD
0,DASYEPLQEGCMN
0,DVDLEANVSDPE
0,DLEANVSDPEEG
0,DPEEGIIKPRSVP
0,DALNQSLVRDTSD
0,DTSDQYLRAAP
0,DQYLRAAPLQNL
0,DAVKFDMGVYMTSD
0,DMGVYMTSDDSI
0,DDSILPVTLRI
0,DSILPVTLRISQTP
0,DEPVLLKEMPE
0,DSENDILFFWET
0,DILFFWETQGNKNY
0,DFQIS
0,DDVKDVTKLVANLP
0,DVKDVTKLVANLP
0,DVTKLVANLPKDY
0,DYMITLKYVPGM
0,DVLPSHCWISEM
0,DLLDKFSNISEGLS
0,DKFSNISEGLSN
0,DKLVKIVDDLVE
0,DDLVECMEEHSFEN
0,DLVECMEEHSF
0,DAFKDLEIVASTMS
0,DLEIVASTMSECVI
0,DSRVSVTKPFML
0,DSSSSNRKASN
0,DSSLQWAAVAL
0,DNEISMLQEK
0,DDVKDVTKLVANL
0,DVKDVTKLVAN
0,DVTKLVANLPK
0,DYKITLKYVPGM
0,DVLPSHCWISE
0,DLLEKFSNISEGLS
0,DKLVKIVDDLVE
0,DDLVECMEEHSS
0,DLVECMEEHSSENV
0,DAFKDLEMVVSKT
0,DLEMVVSKTSE
0,DSRVSVTKPFMLP
0,DSSSSNRKASN
0,DSNLQWAAMAL
0,DNEISMLQEKERE
0,DDVKDVTKLVAN
0,DVKDVTKLVANLPK
0,DVTKLVANLPK
0,DYKIALNYVPGMDV
0,DVLSSHCWIRVMV
0,DLLDKFSNISEGL
0,DKFSNISEGLSN
0,DKLVKIVDDLVECM
0,DDLVECMEEHSSEN
0,DLVECMEEHSSE
0,DFFRIFNRSIDALK
0,DALKDLETVASKTS
0,DLETVASKTSE
0,DSRVSVTKPFMLPP
0,DSSSSNRKAANPL
0,DSNLQWAAMALP
0,DNEISMLQEKEREF
0,DTTRSTNMSLCA
0,DLQFIFQLCKI
0,DVMTYIHSMNST
0,DWNFGLQPPPGGT
0,DTYRFVTSQAI
0,DPLKKYTFWEVNLK
0,DL
0,DNTVYLPPPSVAR
0,DDYVTRTSIFYHAG
0,DYVTRTSIFYH
0,DIPKVSAYQYRV
0,DPNKFGLPDNSIY
0,DNSIYNPETQRLVW
0,DNTVYLPPPSVARV
0,DDYVTRTSIFYHA
0,DYVTRTSIFYHA
0,DIPKVSAYQYRV
0,DPNKFGLPDNSI
0,DNSIYNPETQRL
0,DTTRSTNMSLCA
0,DLQFIFQLCKI
0,DVMTYIHSMNSTIL
0,DWNFGLQPPPGG
0,DTYRFVTSQAIACQ
0,DPLKKYTFWEVN
0,DL
0,DQGTQSENSCV
0,DGLPNMLRELRA
0,DRVKTFFQTKDQLD
0,DQLDSMLLSESL
0,DSMLLSESLLEDLK
0,DLKGYLGCQALSEM
0,DIKEHVNSLGEK
0,DIFINYIETYMTT
0,DVISDLKRIEDLI
0,DLKRIEDLIKSI
0,DLIKSIHIDAT
0,DATLYTESDAHP
0,DAHPNCKVTAM
0,DINETVQNLII
0,DTPAENSCIHFPGG
0,DQLDSVLLNESL
0,DSVLLNESLLEDLK
0,DLKGYLGCQAL
0,DVMPKAENHSPAV
0,DIFINYIETYMTM
0,DGRELCLDPKEKWV
0,DPKEKWVQKVV
0,DVYVVELDWYPDAP
0,DWYPDAPGETV
0,DAPGETVVLTCD
0,DTSEEDGITWTS
0,DGITWTSEQSNKV
0,DAGQYTCHKGDKVL
0,DKVLGHSKVLLH
0,DGIWSTDILKDQK
0,DILKDQKEPKSKT
0,DQKEPKSKTFLKCE
0,DVKFSVKSNRGS
0,DPQGVTCGVPT
0,DHTEYKFSVECQ
0,DNACPAAEESLH
0,DAIHKLKYENYTSS
0,DIVKPDPPQNLQMK
0,DPPQNLQMKPL
0,DTWSTPHSYFS
0,DRLCVDKTSATV
0,DKTSATVMCHKD
0,DAKIRVQARDRYY
0,DRYYSSSWSEWAF
0,DIILPEVIKTLNIL
0,DALAVPKNTTER
0,DLRLLRGLDRN
0,DRNLCSMAKLSNC
0,DFLDRLKTAMQEKY
0,DRLKTAMQEKYS
0,DNTLYFITEND
0,DENLESDYFGK
0,DYFGKLEPKIS
0,DQVLFMDQGQQPVF
0,DQGQQPVFEDMPD
0,DMPDSDCIENAPQ
0,DSDCIENAPQTI
0,DCIENAPQTIFIIY
0,DSNTRGMAVSL
0,DINDTKSDIIFF
0,DTKSDIIFFQKH
0,DIIFFQKHLAG
0,DKMQFESSLYDG
0,DGYFLACGKEK
0,DLFKLVLKRKDDKN
0,DDKNDKSVIFSV
0,DKNDKSVIFSV
0,DKSVIFSVQNK
0,DQLLLDLQVLLKGV
0,DLQVLLKGVNDYK
0,DYKNSKLSRMLTF
0,DETVTVVEFLN
0,DLGLFQCLNHSQNL
0,DTLHKARQTLEF
0,DHEDITKDKTST
0,DITKDKTSTVKACL
0,DKTSTVKACLP
0,DLKMYQVEFMAMNA
0,DPKRQIFLDQD
0,DQDMLGAIEELMQA
0,DMLGAIEELMQALN
0,DSYKTKIKLCILLH
0,DRMMSYLSSS
0,DVYVVELDWYPDAP
0,DWYPDAPGETVVLT
0,DAPGETVVLTCN
0,DGITWTSDQSNKV
0,DQSNKVLGSGKT
0,DAGQYTCYKGD
0,DKVLGHSLVLLHK
0,DGIWSTDILKDQKE
0,DILKDQKEPKSKTF
0,DQKEPKSKTFLKCE
0,DMKFSVKSNRGS
0,DPQGVTCGAPTLS
0,DHREYKKYSVEC
0,DNACPAAEESLH
0,DAIDRHKYENY
0,DRHKYENYTSSF
0,DIIKPDPPQNLQMK
0,DPPQNLQMKPL
0,DTWSTPHSYFS
0,DRLCVDKTSATVM
0,DKTSATVMCHK
0,DAKIRVQARDRYYS
0,DRYYSSSWSEWA
0,DVISDLKRIEDLI
0,DLKRIEDLIKSI
0,DLIKSIHIDATLYT
0,DATLYTESDAH
0,DAHPNCKVTAMKC
0,DINETVQNLII
0,DLGLFQCLNHS
0,DTLHKARQTLEF
0,DHEDITKDKTSTV
0,DITKDKTSTVKAC
0,DKTSTVKACLPLE
0,DLKMYQVEFMAMNA
0,DPKRQIFLDQD
0,DQDMLGAIEELM
0,DMLGAIEELMQA
0,DSYKTKIKLCI
0,DRMMSYLSSS
0,DNTLYFISEND
0,DETLESDYFGK
0,DYFGKLEPKISII
0,DQVLFMDQGQQPV
0,DQGQQPVFEDMP
0,DMPDSDCIENAP
0,DSDCIENAPQTIF
0,DCIENAPQTIFIIY
0,DSNTRGMAVSLSV
0,DDINDTKSDII
0,DINDTKSDIIF
0,DTKSDIIFFQKQLA
0,DIIFFQKQLAGQKD
0,DKMQFESSLYDG
0,DGYFLACGKEKDL
0,DLFKLVLKRNDDKN
0,DDKNDKSVIFSVQ
0,DKNDKSVIFSVQNK
0,DKSVIFSVQNKN
0,DLFEDLKNCFS
0,DLKNCFSENEDYSS
0,DYSSAIDHLSL
0,DHLSLNQKSFYD
0,DASYEPLHEGC
0,DADLEANVSDP
0,DLEANVSDPEEG
0,DPEEGIIKPRSV
0,DALNQSLVRDTSD
0,DTSDQYLRAAPL
0,DQYLRAAPLQNLGD
0,DAVKFDMGVYMT
0,DMGVYMTSDDSIL
0,DDSILPVTLRISQ
0,DSILPVTLRIS
0,DEPVLLKEMPE
0,DSESDILFFWETQ
0,DILFFWETQGNKNY
0,DFQIS
0,DTPAENSCIHFPDG
0,DGLPHMLRELRAAF
0,DQLDSMLLTES
0,DSMLLTESLLE
0,DLKGYLGCQAL
0,DVMPQAENHSPA
0,DIFINYIETYM
0,DIILPEIIKALNI
0,DALAVPKNTTERE
0,DLRLLRGLDRN
0,DRNLCSMAKLSDC
0,DCPGKEARQTTLE
0,DFLDRLKTAMQEKY
0,DRLKTAMQEKY
0,DTPAENSCIHFPD
0,DGLPHMLRELRAAF
0,DQLDSMLLTESLLE
0,DSMLLTESLLE
0,DLKGYLGCQALSE
0,DVMPQAENHSP
0,DNLKTLRLRLRQC
0,DIFINYIETYM
0,DGRELCLDPKEKW
0,DPKEKWVQKVV
0,DNTLYFISENDE
0,DENLESDYFGKL
0,DYFGKLEPKISI
0,DQVLFMDQGQQPV
0,DQGQQPVFEDMP
0,DMPDSDCIDNAPQT
0,DSDCIDNAPQT
0,DCIDNAPQTIFII
0,DNAPQTIFIIHMY
0,DSHTRGMAVSLS
0,DINDTKSDIIFFQ
0,DTKSDIIFFQK
0,DIIFFQKHLAGQKD
0,DKMQFESSLYDGY
0,DGYFLACRREKDL
0,DLFKLVLKRNDDK
0,DDKNDKSVIFS
0,DKNDKSVIFSVQN
0,DKSVIFSVQNKN
0,DLFFEADDPKYMK
0,DDPKYMKSCFQDLD
0,DPKYMKSCFQDLDL
0,DLDLCCPEEGIQ
0,DLCCPEEGIQLR
0,DGGLRTFFSLIFE
0,DTWDDYSLECDAVQ
0,DDYSLECDAVQS
0,DYSLECDAVQSL
0,DAVQSLHCRLQDA
0,DAQQKSLVLSGT
0,DKIPVALGLRG
0,DDKPTLQLESVDPN
0,DKPTLQLESVDPNR
0,DPNRYPKKKMEK
0,DKLEFESAQFPNWY
0,DLIDFSMEFVSS
0,DFSMEFVSS
0,DVYVVELDWYPDAP
0,DWYPDAPGETVVL
0,DAPGETVVLTCDTS
0,DTSEEDGITWT
0,DGITWTSDQSNKVL
0,DQSNKVLGSGKTL
0,DAGQYTCHKGD
0,DKVLGHSLVLLHK
0,DGIWSTDILKDQK
0,DILKDQKEPKS
0,DQKEPKSKTFL
0,DVKFSVKSNRGS
0,DPKGVTCGAPTLS
0,DHWEYKKYSVECR
0,DNACPAAEESLHLE
0,DAIHKLKYENYTSS
0,DIIKPDPPQNLQM
0,DPPQNLQMKPLKN
0,DTWSTPHSYFS
0,DRLCVDKTSATVMC
0,DKTSATVMCHKDAK
0,DAKIRVQARDRYYS
0,DRYYSSSWSEWAF
0,DQLLLDLQVLLK
0,DLQVLLKGVHDYK
0,DYKNSKLSRMLTF
0,DETVTVVEFLNRW
0,DLGLFQCLNHSQ
0,DTLRKARQTLEFYS
0,DHEDITKDKTST
0,DITKDKTSTVKA
0,DKTSTVKACLPL
0,DLKMYQVEFMA
0,DPKRQIFLDQD
0,DQDMLGAIEELMQA
0,DMLGAIEELMQALN
0,DFYKTKIKLCI
0,DRMMSYLSSS
0,DQLLLDLQVLLKGV
0,DLQVLLKGVHDY
0,DYKNSKLSRML
0,DETVTVVEFLN
0,DVISDLKRIEDL
0,DLKRIEDLIKSIH
0,DLIKSIHIDSTLYT
0,DSTLYTESDAHPN
0,DAHPNCKVTAMKCF
0,DINETVQNLIIVA
0,DIILPEIIKTLNI
0,DALAVPKNTTEREA
0,DLGLLRGLDRNLCS
0,DRNLCSMAKLS
0,DFLDRLKTAMQ
0,DRLKTAMQEKYSK
0,DNTLYFITEND
0,DENLESDYFGKLE
0,DYFGKLEPKIS
0,DQVLFMDQGQQPV
0,DQGQQPVFEDMPD
0,DMPDSDCIDNAP
0,DSDCIDNAPQT
0,DCIDNAPQTIFI
0,DNAPQTIFIIHMY
0,DDINDTKSDIIF
0,DINDTKSDIIFFQ
0,DTKSDIIFFQKHLA
0,DIIFFQKHLAGQK
0,DKMQFESSLYD
0,DGYFLACGREK
0,DLFKLVLKRNDD
0,DDKNDKSVIFSVQ
0,DKNDKSVIFSVQN
0,DKSVIFSVQNK
0,DLFFEADGPKY
0,DGPKYTKSCFQDL
0,DLDLCCPDEGIQL
0,DLCCPDEGIQLRVS
0,DEGIQLRVSCQPYN
0,DDGLRTFFSLIF
0,DGLRTFFSLIF
0,DDDSLECDAVR
0,DDSLECDAVRSL
0,DSLECDAVRSLHC
0,DAVRSLHCRLQDA
0,DAQQKSLVLSGT
0,DDKPTLQLESVDPN
0,DKPTLQLESVDPNR
0,DPNRYPKKKME
0,DKLEFESAQFP
0,DLIDFSMEFVSS
0,DFSMEFVSS
0,DNTLYFITEND
0,DENLESDYFGKL
0,DYFGKLEPKISI
0,DQVLFMDQGQQP
0,DQGQQPVFEDMP
0,DMPDSDCIDNAPQ
0,DSDCIDNAPQTI
0,DCIDNAPQTIFII
0,DNAPQTIFIIH
0,DSHTRGMAVSLSV
0,DDINDTKSDIIFF
0,DINDTKSDIIF
0,DTKSDIIFFQKHLA
0,DIIFFQKHLAGQ
0,DKMQFESSLYDGY
0,DGYFLACGREKDLF
0,DLFKLVLKRNDDK
0,DDKNDKSVIFS
0,DKNDKSVIFSV
0,DKSVIFSVQNKN
0,DLFEDLKNCFSEN
0,DLKNCFSENEEYS
0,DHLSLTQKSFYDA
0,DASYEPLHEGCV
0,DVDLEANVSDPEE
0,DLEANVSDPEEG
0,DPEEGIIQPRS
0,DALNQSLVRDIS
0,DISDQYLRAAPL
0,DQYLRAAPLQN
0,DAVKFDMGVYMT
0,DMGVYMTSDDSIL
0,DDSILPVTLRIS
0,DSILPVTLRIS
0,DEPVLLKEMPQTPR
0,DSESDILFFWESQG
0,DILFFWESQGN
0,DLFEDLKNCFSEN
0,DLKNCFSENEEY
0,DHLSLTQKSFYDAS
0,DASYEPLHEGCVN
0,DVDLEANVSDPEE
0,DLEANVSDPEEGII
0,DPEEGIIQPRSVPS
0,DALNQSLVRDIS
0,DISDQYLRAAPLQN
0,DQYLRAAPLQNM
0,DAVKFDMGVYMTSD
0,DMGVYMTSDDSI
0,DDSILPVTLRIS
0,DSILPVTLRISQTS
0,DEPVLLKEMPQTP
0,DSESDILFFWE
0,DILFFWESQGN
0,DGRELCLDPKE
0,DPKEKWVQKVV
0,DS
0,DGRELCLDPKEKWV
0,DPKEKWVQKVVQIF
0,DGRELCLDPKEKWV
0,DPKEKWVQKVV
0,DTPAENSCIHFPG
0,DRVKTFFQTKDQL
0,DQLDSMLLTESLLE
0,DSMLLTESLLEDL
0,DLKGYLGCQAL
0,DVMPQAENHSPAVR
0,DIFINYIETYM
0,DLFEDLKNCFSEN
0,DLKNCFSENEE
0,DHLSVNQKSFYD
0,DASYEPLHEDC
0,DCMNKVVSLST
0,DVDLETNVSDP
0,DLETNVSDPEEG
0,DPEEGIIKPRSVPY
0,DALNQSLVRDTSD
0,DTSDQYLRAAPL
0,DQYLRAAPLQNL
0,DAVKFDMGVYMTS
0,DMGVYMTSEDSI
0,DSILPVTLRIS
0,DEPVLLKEMPETP
0,DSESDILFFWE
0,DILFFWETQGNKN
0,DFQIS
0,DGRELCLDPKEK
0,DPKEKWVQKVVQI
0,DTPAENSCIHFPG
0,DQLNSMLLTESLLE
0,DLKGYLGCQALSE
0,DVMPQAENHSPAI
0,DIFINYIETYMT
0,DGRELCLDPKEKWV
0,DPKEKWVQKVVQ
0,DLGLFQCLNHSQNL
0,DTLHKARQTLEF
0,DHEDITKDKTST
0,DITKDKTSTVK
0,DKTSTVKACLPL
0,DLKMYQVEFMA
0,DSKRQIFLDQDM
0,DQDMLGAIEELMQA
0,DMLGAIEELMQALN
0,DFYKTKIKLCIL
0,DRMMSYLSSS
0,DIILPEVIKTLNI
0,DALAVPKNTTERE
0,DLRLLRGLDRNLCS
0,DRNLCSMVKLSN
0,DFLDRLKTAMQEK
0,DRLKTAMQEKY
0,DQLLLDLQVLLKG
0,DLQVLLKGVNDYK
0,DYKNSKLSRMLTF
0,DETVTIVEFLNR
0,DLFFEADGPNY
0,DGPNYMKSCFQDL
0,DLDLCCPDEGIQL
0,DLCCPDEGIQLRI
0,DEGIQLRISCQP
0,DDGLRTFFSLIF
0,DGLRTFFSLIFE
0,DDYSLECDAVRS
0,DYSLECDAVRSLHC
0,DAVRSLHCRLQDA
0,DAQQKSLVLSGTYE
0,DKIPVALGLRGKN
0,DDKPTLQLESVDPN
0,DKPTLQLESVD
0,DPNRYPKKKME
0,DKLEFESAQFPNWY
0,DLIDFSMEFVS
0,DFSMEFVSS
0,DQGLFQCLNHS
0,DTLHKARQTLEF
0,DHEDITKDKTSTV
0,DITKDKTSTVKAC
0,DKTSTVKACLPLEL
0,DLKMYQVEFMAMNA
0,DQDMLGAIEELM
0,DMLGAIEELMQAL
0,DFYKTKIKLCILL
0,DRMMSYLSSS
0,DVYVVELDWYPDAP
0,DWYPDAPGETVV
0,DAPGETVVLTCDTS
0,DTSEEDGITWTSE
0,DGITWTSEQSNKVL
0,DAGQYTCHKGDKV
0,DKVLGHSKVLLHK
0,DGIWSTDILKD
0,DILKDQKEPKSK
0,DQKEPKSKTFLKCE
0,DVKFSVKSNRGS
0,DPQGVTCGVPT
0,DHTEYKFSVECQE
0,DNACPAAEESLH
0,DAIHKLKYENYT
0,DIIKPDPPQNLQMK
0,DPPQNLQMKPLKN
0,DTWSTPHSYFSLT
0,DRLCVDKTSAT
0,DKTSATVMCHKDAK
0,DAKIRVQARDR
0,DRYYSSSWSEWAFV
0,DLFFEADGPNYMKS
0,DGPNYMKSCFQ
0,DLDLCCPDEGIQL
0,DLCCPDEGIQLR
0,DEGIQLRISCQPYN
0,DDGLRTFFSLIFE
0,DGLRTFFSLIF
0,DDYSLECDAVRS
0,DYSLECDAVRSLHC
0,DAVRSLHCRLQDAQ
0,DAQQKSLVLSGT
0,DKIPVALGLRG
0,DDKPTLQLESVD
0,DKPTLQLESVD
0,DPNRYPKKKME
0,DKLEFESAQFP
0,DLIDFSMEFVSS
0,DFSMEFVSS
0,DLFEDLKNCFSE
0,DLKNCFSENEEY
0,DHLSLNQKSFYDAS
0,DASYEPLHEDCMN
0,DCMNKVVSLSTS
0,DVDLETNVSDPE
0,DLETNVSDPEEGII
0,DPEEGIIKPRS
0,DALNQSLVRDT
0,DTSDQYLRAAPLQ
0,DQYLRAAPLQNLG
0,DAVKFDMGVYM
0,DMGVYMTSEDS
0,DSILPVTLRISQT
0,DEPVLLKEMPE
0,DSESDILFFWETQG
0,DILFFWETQGNKNY
0,DFQIS
0,DTPAENSCIHFPG
0,DQLNSMLLTESL
0,DLKGYLGCQALSEM
0,DVMPQAENHSPAI
0,DIFINYIETYMTM
0,DTPAENSCIHFPGG
0,DQLNSMLLTESLL
0,DLKGYLGCQALSE
0,DVMPQAENHSP
0,DIFINYIETYMT
0,DLFEDLKNCFSE
0,DLKNCFSENEE
0,DHLSLNQKSFYDAS
0,DASYEPLHEDCMN
0,DCMNKVVSLSTSE
0,DVDLETNVSDPEE
0,DLETNVSDPEEG
0,DPEEGIIKPRSV
0,DALNQSLVRDT
0,DTSDQYLRAAPLQ
0,DQYLRAAPLQN
0,DAVKFDMGVYMTS
0,DMGVYMTSEDS
0,DSILPVTLRIS
0,DEPVLLKEMPETPR
0,DSESDILFFWETQ
0,DILFFWETQGNKNY
0,DFQIS
0,DQLLLDLQVLLKG
0,DLQVLLKGVNDYKN
0,DYKNSKLSRMLTF
0,DETVTIVEFLNRW
0,DNTLYFISENDENL
0,DENLESDYFGK
0,DYFGKLEPKISI
0,DQVLFMDQGQQPVF
0,DQGQQPVFEDMPD
0,DMPDSDCIENAP
0,DSDCIENAPQTI
0,DCIENAPQTIFII
0,DSNTRGMAVSLSV
0,DINDTKSDIIFFQ
0,DTKSDIIFFQKHLA
0,DIIFFQKHLAGQKD
0,DKMQFESSLYDG
0,DGYFLACGKEKD
0,DLFKLVLKRKD
0,DDKNDKSVIFSV
0,DKNDKSVIFSVQNK
0,DKSVIFSVQNKN
0,DNTLYFISENDENL
0,DENLESDYFGKLEP
0,DYFGKLEPKIS
0,DQVLFMDQGQQ
0,DQGQQPVFEDMPDS
0,DMPDSDCIENA
0,DSDCIENAPQTI
0,DCIENAPQTIFIIY
0,DSNTRGMAVSL
0,DINDTKSDIIFFQ
0,DTKSDIIFFQKHL
0,DIIFFQKHLAGQ
0,DKMQFESSLYDGYF
0,DGYFLACGKEKDL
0,DLFKLVLKRKDDK
0,DDKNDKSVIFSVQ
0,DKNDKSVIFSVQ
0,DKSVIFSVQNKN
0,DIILPEVIKTLNIL
0,DALAVPKNTTEREA
0,DLRLLRGLDRNL
0,DRNLCSMVKLSNCP
0,DFLDRLKTAMQ
0,DRLKTAMQEKYS
0,DLFFEADGPNY
0,DGPNYMKSCFQD
0,DLDLCCPDEGI
0,DLCCPDEGIQLR
0,DEGIQLRISCQPYN
0,DDGLRTFFSLIFEE
0,DGLRTFFSLIFEE
0,DDYSLECDAVR
0,DYSLECDAVRS
0,DAVRSLHCRLQD
0,DAQQKSLVLSG
0,DKIPVALGLRG
0,DDKPTLQLESVDP
0,DKPTLQLESVD
0,DPNRYPKKKME
0,DKLEFESAQFP
0,DLIDFSMEFVSS
0,DFSMEFVSS
0,DLFFEADGPKYTK
0,DGPKYTKSCFQDLD
0,DLDLCCPDEGIQL
0,DLCCPDEGIQLRV
0,DEGIQLRVSCQPY
0,DGGLRTFFSLIF
0,DTWDDYSLECDAVR
0,DDYSLECDAVR
0,DYSLECDAVRSLH
0,DAVRSLHCRLQ
0,DAQQKSLVLSGTY
0,DDKPTLQLESV
0,DKPTLQLESVD
0,DPNRYPKKKME
0,DKLEFESAQFPN
0,DLIDFSMEFVS
0,DFSMEFVSS
0,DVISDLKRIEDLI
0,DLKRIEDLIKS
0,DLIKSVHIDATL
0,DATLYTESDAH
0,DAHPNCKVTAM
0,DINETVQNLIIL
0,DGTLYTPDDFSVCP
0,DDFSVCPAETLG
0,DFSVCPAETLGCFR
0,DALGSRLWGTGP
0,DLFEDLKNCFSE
0,DLKNCFSENEEYSS
0,DHLSLNQKSFYDAS
0,DASYEPLHEDCM
0,DCMNKVVSLSTS
0,DVDLETNVSDPEE
0,DLETNVSDPEEGII
0,DPEEGIIKPRSVP
0,DALNQSLVRDTS
0,DTSDQYLRAAPLQ
0,DQYLRAAPLQNLGD
0,DAVKFDMGVYM
0,DMGVYMTSEDSI
0,DSILPVTLRIS
0,DEPVLLKEMPET
0,DSESDILFFWETQG
0,DILFFWETQGNKNY
0,DFQIS
0,DIILPEVIKTLNI
0,DALAVPKNTTERE
0,DLKLLRGLDRNLCS
0,DRNLCSMVKLSN
0,DFLDRLKTAMQE
0,DRLKTAMQEKYS
0,DLGLFQCLNHS
0,DTLHKARQTLEFY
0,DHEDITKDKTS
0,DITKDKTSTVKAC
0,DKTSTVKACLPL
0,DLKMYQVEFMA
0,DQDMLGAIEELM
0,DMLGAIEELMQALN
0,DFYKTKIKLCILL
0,DRMMSYLSSS
0,DIILPEVIKTLN
0,DALAVPKNTTERE
0,DLRLLRGLDRNLCS
0,DRNLCSMAKLSNCP
0,DFLDRLKTAMQEK
0,DRLKTAMQEKYS
0,DVINDLKIIEDLI
0,DLKIIEDLIKSIH
0,DLIKSIHIDST
0,DSTLYTESDAHP
0,DAHPNCKVTAMKC
0,DINETVQNLIIVAN
0,DIILPEIIKTLN
0,DALAVPKNTTEREA
0,DLGLLRGLDRNL
0,DRNLCSMAKLS
0,DFLDRLKTAMQE
0,DRLKTAMQEKYS
0,DLFFEADGPKYMKS
0,DGPKYMKSCFQDL
0,DLDLCCPEEGIQ
0,DLCCPEEGIQLR
0,DGGLRTFFSLI
0,DTWDDYSLECDAV
0,DDYSLECDAVQ
0,DYSLECDAVQSLHC
0,DAVQSLHCRLQDAQ
0,DAQQKSLVLSGTYE
0,DKIPVALGLRGKN
0,DDKPTLQLESVD
0,DKPTLQLESVD
0,DPNRYPKKKMEKRF
0,DKLEFESAQFPNW
0,DLIDFSMEFVSS
0,DFSMEFVSS
0,DLFEDLKNCFS
0,DLKNCFSENEEY
0,DHLSLNQKSFY
0,DASYEPLHEDCMN
0,DCMNKVVSLST
0,DVDLETNVSDPEE
0,DLETNVSDPEEGII
0,DPEEGIIKPRSVP
0,DALNQSLVRDT
0,DTSDQYLRAAP
0,DQYLRAAPLQNLGD
0,DAVKFDMGVYMTS
0,DMGVYMTSEDSILP
0,DSILPVTLRIS
0,DEPVLLKEMPETP
0,DSESDILFFWETQ
0,DILFFWETQGN
0,DFQIS
0,DQLLLDLQVLLK
0,DLQVLLKGVNDYKN
0,DYKNSKLSRMLT
0,DETVTVVEFLNRWI
0,DLFFEADGPNYMKS
0,DGPNYMKSCFQ
0,DLDLCCPDEGIQLR
0,DLCCPDEGIQL
0,DEGIQLRISCQP
0,DDGLRTFFSLIFE
0,DGLRTFFSLIFE
0,DDYSLECDAVRS
0,DYSLECDAVRSL
0,DAVRSLHCRLQ
0,DAQQKSLVLSGT
0,DKIPVALGLRG
0,DDKPTLQLESVD
0,DKPTLQLESVD
0,DPNRYPKKKMEK
0,DKLEFESAQFP
0,DLIDFSMEFVSS
0,DFSMEFVSS
0,DLGLFQCLNHS
0,DTLRKARQTLEFY
0,DHEDITKDKTSTVK
0,DITKDKTSTVKAC
0,DKTSTVKACLPL
0,DLKMYQVEFMA
0,DPKRQIFLGQDMLG
0,DMLGAIEELMQALN
0,DFYKTKIKLCI
0,DRMMSYLSSS
0,DNTLYFISENDENL
0,DENLESDYFGKLEP
0,DYFGKLEPKIS
0,DQVLFMDQGQQ
0,DQGQQPVFEDMP
0,DMPDSDCIDNAPQ
0,DSDCIDNAPQTIFI
0,DCIDNAPQTIFII
0,DNAPQTIFIIHMYK
0,DSNTRGMAVSLS
0,DINDTKSDIIFFQK
0,DTKSDIIFFQKH
0,DIIFFQKHLAG
0,DKMQFESSLYDGYF
0,DGYFLACGKEKDLF
0,DLFKLVLKRKDDK
0,DDKNDKSVIFSVQ
0,DKNDKSVIFSVQ
0,DKSVIFSVQNK
0,DTPAENSCIHF
0,DQLNSMLLTESLLE
0,DLKGYLGCQAL
0,DVMPQAENHSPA
0,DIFINYIETYM
0,DVISDLKRIEDLIK
0,DLKRIEDLIKSIH
0,DLIKSIHIDATLYT
0,DATLYTESDAHP
0,DAHPNCKVTAMKCF
0,DINETVQNLIILA
0,DNTLYFISENDENL
0,DENLESDYFGK
0,DYFGKLEPKISI
0,DQVLFMDQGQQP
0,DQGQQPVFEDM
0,DMPDSDCIDNAPQT
0,DSDCIDNAPQT
0,DCIDNAPQTIFIIH
0,DNAPQTIFIIHM
0,DSNTRGMAVSLSVK
0,DINDTKSDIIFFQK
0,DTKSDIIFFQK
0,DIIFFQKHLAGQK
0,DKMQFESSLYD
0,DGYFLACGKEKD
0,DLFKLVLKRNDD
0,DDKNDKSVIFS
0,DKNDKSVIFSVQ
0,DKSVIFSVQNKN
0,DLFEDLKNCFSEN
0,DLKNCFSENEDYSS
0,DYSSAIDHLSLN
0,DHLSLNQKSFYDA
0,DASYEPLHEGCMN
0,DVDLEANVSDPEEG
0,DLEANVSDPEEGI
0,DPEEGIIKPRS
0,DALNQSLVRDIS
0,DISDQYLRAAP
0,DQYLRAAPLQNLGD
0,DAVKFDMGVYMTS
0,DMGVYMTSDDSI
0,DDSILPVTLRISQT
0,DSILPVTLRISQT
0,DEPVLLKEMPETPR
0,DSESDILFFWET
0,DILFFWETQGS
0,DFQIS
0,DIILPEVIKTL
0,DALAVPKNTTEREA
0,DLRLLRGLDRNL
0,DRNLCSMAKLS
0,DCPGKEARQTTLED
0,DFLDRLKTAMQEK
0,DRLKTAMQEKY
0,DVISDLKRIEDLIK
0,DLKRIEDLIKSVHI
0,DLIKSVHIDATLYT
0,DATLYTESDAHPNC
0,DAHPNCKVTAM
0,DINETVQNLIILA
0,DGRELCLDPKEK
0,DPKEKWVQKVVQI
0,DIQMTQTTSSLSAS
0,DRVTISCRASQ
0,DISNYLNWYQQKP
0,DGTVKLLIYYT
0,DYSLTISNLEQ
0,DIATYFCQQGNT
0,DKDSLLQERHI
0,DSLLQERHIECDSG
0,DSGFDSDDMGI
0,DSDDMGIDEMDCSD
0,DDMGIDEMDCSDP
0,DMGIDEMDCSDPLA
0,DEMDCSDPLAL
0,DCSDPLALSGR
0,DPLALSGRCDLH
0,DLHKGLRIEVTK
0,DRELFNIFMEN
0,DKVVQCTICDK
0,DKSKKTLVHRENFP
0,DSSKGQAVCLGIV
0,DNGTPSLVIEEVK
0,DKESLQEVKETDD
0,DDMERFLFLRNS
0,DMERFLFLRNSSG
0,DEKQPVQMSKQQ
0,DEEVVLQSEV
0,DTTRSTNMSLCAA
0,DLQFIFQLCKI
0,DVMTYIHSMNSTIL
0,DWNFGLQPPPGGT
0,DTYRFVTSQAIA
0,DPLKKYTFWEV
0,DL
0,DDVKDVTKLVANL
0,DVKDVTKLVAN
0,DVTKLVANLPKD
0,DYMITLKYVPG
0,DVLPSHCWISEMVE
0,DLLDKFSNISEGLS
0,DKFSNISEGLSN
0,DKLVKIVDDLVE
0,DDLVECMEEHS
0,DLVECMEEHSS
0,DAFKDLEIVASKMS
0,DLEIVASKMSECVI
0,DSRVSVTKPFMLPP
0,DSSSSNRKASNSI
0,DSSLQWAAVALPAF
0,DNEISMLQEKERE
0,DDVKDVTKLVANL
0,DVKDVTKLVAN
0,DVTKLVANLPK
0,DYKITLKYVPGMD
0,DVLPSHCWISE
0,DLLDKFSNISE
0,DKFSNISEGLSNYS
0,DKLVKIVDDLV
0,DDLVECMEEHSFEN
0,DLVECMEEHSF
0,DAFKDLEMVAPKTS
0,DLEMVAPKTSE
0,DSRVSVTKPFMLPP
0,DSSSSNRKASDSIE
0,DSIEDSSLQWA
0,DSSLQWAAVALPA
0,DNEISMLQEKERE
0,DDVKDVTKLVA
0,DVKDVTKLVANLP
0,DVTKLVANLPKDY
0,DYMITLKYVPGMDV
0,DVLPSHCWISE
0,DLLDKFSNISE
0,DKFSNISEGLSNY
0,DKLVKIVDDLVEC
0,DDLVECMEEHSF
0,DLVECMEEHSFENV
0,DAFKDLEIVAS
0,DLEIVASTMSEC
0,DSRVSVTKPFML
0,DSSSSNRKASN
0,DSSLQWAAVAL
0,DNEISMLQEKER
0,DDVKDVTKLVANL
0,DVKDVTKLVANLP
0,DVTKLVANLPKDYK
0,DYKIALKYVPGM
0,DVLPSHCWISV
0,DLLDKFSNISEGL
0,DKFSNISEGLSN
0,DKLVKIVDDLV
0,DDLVECTEGYSFE
0,DLVECTEGYSFENV
0,DAFKDLETVASKS
0,DLETVASKSSECVV
0,DKDSRVSVTKP
0,DSRVSVTKPFMLPP
0,DSSSSNRKASNSI
0,DSNLQWAAMALPA
0,DNEISMLQEKEREF
0,DDVKDVTKLVAN
0,DVKDVTKLVANLP
0,DVTKLVANLPK
0,DYKIALKYVPGMDV
0,DVLPSHCWISVMVE
0,DLLDKFSNISEG
0,DKFSNISEGLS
0,DKLVKIVDDLVECV
0,DDLVECVEGHSSE
0,DLVECVEGHSSENV
0,DAFKDLEMVASKT
0,DLEMVASKTSECVV
0,DSRVSVTKPFML
0,DSSSSNRKATNPI
0,DSSIQWAVMALPA
0,DNEISMLQEKE
0,DDVNDIAKLVGNL
0,DVNDIAKLVGNL
0,DIAKLVGNLPN
0,DYLITLKYVPKM
0,DSLPNHCWLHL
0,DISDMSDVLSN
0,DMSDVLSNYSIINN
0,DVLSNYSIINNLT
0,DLMACLAFDKNK
0,DKNKDFIKENGHLY
0,DFIKENGHLYEEDR
0,DRFIPENFFRL
0,DSLDKNDCIMPS
0,DKNDCIMPSTVETP
0,DCIMPSTVETPEN
0,DSRVAVTKTISF
0,DSIGSNTSSNS
0,DKVLKDKRRLFVR
0,DKRRLFVRSVDM
0,DMGTINGLLDELF
0,DELFEKRVLNHE
0,DQARVLIDSVLRK
0,DSVLRKGPNACQ
0,DIHLAQTLGLSSG
0,DHTKLDSQVEV
0,DSQVEVPSLPA
0,DSEESTDTLKLCPP
0,DTLKLCPPETFV
0,DRTRLALIICNI
0,DHLSTRDGAELDIA
0,DGAELDIAGME
0,DIAGMESLLEG
0,DSTFLVLMSHGILN
0,DVLAYDTIFQIFNN
0,DTIFQIFNNRH
0,DKPKVIIIQAC
0,DSPKASTDSWTHQ
0,DSWTHQPLMLQ
0,DAIHKVHVEKD
0,DFIAFCSSTPHNVS
0,DVKAQMPTIERVSM
0,DPEGDLLCIAKTFS
0,DLLCIAKTFSYL
0,DSTHPSYLFTLSVK
0,DSSFRLDSNCLSR
0,DSNCLSRPRIL
0,DVVSLVQHYVASC
0,DTRSDSPDPAPTPA
0,DSPDPAPTPALPM
0,DPAPTPALPMSK
0,DAPSDSVLPIPV
0,DSVLPIPVATAV
0,DVDCLPLPRRMAD
0,DCLPLPRRMADYL
0,DYLRQYPFQL
0,DKVLKGKRKQFI
0,DELFEKNVLNQE
0,DKARALIDSVLRK
0,DSVLRKGPRACQIF
0,DTHLAETLGLSS
0,DSEVAFPPLPAS
0,DALKLCPHENFVK
0,DRTRLALIICNT
0,DHLSLRKGADLDVA
0,DLDVAGMRRLLTDL
0,DVAGMRRLLTDLG
0,DLGYSVHIKEELT
0,DMESELRAFAARPE
0,DSTFLVFMSHGIL
0,DPDVLAYDTIFQIF
0,DVLAYDTIFQIFN
0,DTIFQIFNNRNC
0,DKPKVIIVQACRGE
0,DSPAAPMDSTSQMG
0,DSTSQMGSSLSQV
0,DNLEDDAIYKVH
0,DDAIYKVHVEKDFI
0,DAIYKVHVEKDF
0,DFIAFCSSTPH
0,DVNKGSLFITQLI
0,DKVLKEKRRLF
0,DELLEKRVLNQEEM
0,DENATVMDKARALI
0,DKARALIDAVIR
0,DAVIRKGPQACQIF
0,DDPHLAETLRLSSG
0,DPHLAETLRLSS
0,DSQAVVHSSPA
0,DDLAKLALSGP
0,DLAKLALSGPKV
0,DNLSRRAGAEVDIA
0,DIASMKVLLEGL
0,DMTTELKAFAA
0,DSTFLVFMSHGIRE
0,DVLEVNTIFQIF
0,DKPKVIIIQACR
0,DSTGTSGNSSSLAP
0,DDFEDDAIKKAHVE
0,DFEDDAIKKAHVE
0,DDAIKKAHVEKDFI
0,DAIKKAHVEKD
0,DFIAFCSSTPD
0,DTVSWRSPTTG
0,DLEEIFRKVRLSF
0,DARAQMPTAERV
0,DLFEDLKNCYSE
0,DLKNCYSENEDYSS
0,DYSSEIDHLSLN
0,DHLSLNQKSFYD
0,DASYEPLREDHM
0,DHMNKFMSLDT
0,DTSETSKTSRLS
0,DDDLEAIANDT
0,DDLEAIANDTEE
0,DLEAIANDTEEEII
0,DTEEEIIKPRSA
0,DALNQSIIRDM
0,DMSGPYMTAAT
0,DMVAYVSEEDSQL
0,DSQLPVTLRISKT
0,DEPVLHKEMPETPK
0,DETNLLFFWEKHGS
0,DYFKSVAHPKLFI
0,DFLILEK
0,DITPDFFLTAT
0,DFFLTATPSET
0,DDKVQECGHYL
0,DKVQECGHYLF
0,DPREPRRQSTQK
0,DHCLEHVVQYRS
0,DWDRSWTEQSVD
0,DRSWTEQSVDH
0,DHRNSFSLPSVD
0,DGQKFYTFRVRS
0,DLVTEYHGNFSA
0,DYSEWLCHVSEI
0,DISGNANSMKQI
0,DPVLLVYLYHS
0,DYLTFPSGEYVAEE
0,DESTRHNVLYRIRF
0,DDFVMSYLFAQW
0,DFVMSYLFAQWRH
0,DFVHGWIKVPV
0,DMMRIAKENDQTP
0,DQTPLAIYNSISYK
0,DYHILTRKRIRY
0,DLQLYCDFPNII
0,DFPNIIDVSIKQ
0,DVSIKQANQEGS
0,DGKNLEIELSSL
0,DGYYRLTADAHH
0,DAHHYLCKEVA
0,DFAISKLKKAGN
0,DFNKYFLTFAVE
0,DLLNCYQMETVR
0,DNIIFQFTKCCPP
0,DKSNLLVFRTN
0,DVPTSPTLQRPT
0,DLIFNESLGQGTF
0,DYGQLHETEVLLK
0,DKAHRNYSESFFEA
0,DENILVQEFVKFG
0,DTYLKKNKNCINI
0,DRKTGNPPFIK
0,DPGISITVLPKDIL
0,DILQERIPWVP
0,DKWSFGTTLWEIC
0,DKPLSALDSQRKLQ
0,DSQRKLQFYEDR
0,DRHQLPAPKWAE
0,DYEPDFRPSFRAI
0,DFRPSFRAIIRD
0,DLNSLFTPDYELL
0,DYELLTENDML
0,DMLPNMRIGAL
0,DRDPTQFEERHL
0,DPTQFEERHLK
0,DPLQDNTGEVVA
0,DNTGEVVAVKK
0,DFEREIEILKS
0,DNIVKYKGVCYSA
0,DYLQKHKERID
0,DHKKLLQYTSQICK
0,DLATRNILVENENR
0,DFGLTKVLPQDKE
0,DKEYYKVKEPGE
0,DVWSFGVVLYE
0,DKQGQMIVFHL
0,DGCPDEIYMIMTEC
0,DEIYMIMTECWN
0,DLALRVDQIRDN
0,DQIRDNMAG
0,DNMAG
0,DIGGKPGTGGDF
0,DFFLTSTPAGTL
0,DVSTLPLPKVQ
0,DDKLQECGHYLFSE
0,DKLQECGHYLFSEG
0,DPREHRKQPKQMLK
0,DLVIPWAPENLT
0,DHCLEHLVQYRSDR
0,DRDRSWTEQSV
0,DRSWTEQSVDHR
0,DHRHSFSLPSV
0,DAQKLYTFRVRS
0,DWSYPIHWGSNTSK
0,DLVTEYQGNFSAW
0,DYSERLCHVSE
0,DKVLKEKRRLFVRS
0,DELLETRVLNQ
0,DKARALIDSVI
0,DSVIRKGPQAC
0,DDPHLAGVLELS
0,DPHLAGVLELS
0,DNPVKPASSEP
0,DIAQRLWKEKSAE
0,DGADVDIRDMKILL
0,DVDIRDMKILLE
0,DIRDMKILLEDLGY
0,DMKILLEDLGYS
0,DLGYSVDVRENLT
0,DVRENLTASDMAIE
0,DMAIELKAFAARPE
0,DSTFLVLMSHG
0,DVLEVNTVFQIL
0,DKPKVIIIQACR
0,DSVGPSGNSSL
0,DFEYDAIKKAHIE
0,DAIKKAHIEKD
0,DFIAFCSSTPD
0,DNVSWRHPLLGSLF
0,DGRAQMPTAERV
0,DKVLKEKRKLFI
0,DELLQTRVLNKEEM
0,DKTRALIDSVIPKG
0,DSVIPKGAQACQI
0,DSYLAGTLGLS
0,DQTSGNYLNMQDSQ
0,DSQGVLSSFPAP
0,DNPAMPTSSGSEG
0,DKSSRTRLALIIC
0,DSIPRRTGAEVDI
0,DITGMTMLLQNLGY
0,DVKKNLTASDMTTE
0,DMTTELEAFAHRPE
0,DSTFLVFMSHGI
0,DILQLNAIFNMLNT
0,DKPKVIIIQAC
0,DSPGVVWFKDSV
0,DSVGVSGNLSLPTT
0,DDAIKKAHIEKDFI
0,DAIKKAHIEKDF
0,DFIAFCSSTPDNVS
0,DNVSWRHPTMGSVF
0,DVEEIFRKVRFS
0,DGRAQMPTTERVTL
