,ef_hand
0,DKNDDGKLSFEE
1,DKNDDGKLSLEE
2,DSDNTNHVDTKE
3,DSDHSGYISMKE
4,DRDRSGSISYTE
5,AGDGDGWVSLAE
6,DTDRDGRVGWEE
7,DQDGDSMATREE
8,DRNKDGYVQVEE
9,DLNKDGHLDGSE
10,DTDKDGRLSKAE
11,DLDKDDKISRDE
12,DQDGDSAISFTE
13,DQDGDCAISFAE
14,DVKGKNRLTAEE
15,DINGSLTISVSE
16,DYDQSGQLDGLE
17,DLNGDGLMTPAE
18,DLDKDEKISRDE
19,NLNKSQIGMIFD
20,DITGDRLLNYKE
21,DAGRDGFIDLME
22,DEDFDGKLSFRE
23,DADHSGYISLKE
24,DRDHSGSISSTE
25,DKDRSGSISAME
26,DVDKSGQIDFYE
27,DRNRSGTIDAQE
28,DRDRSGSISSTE
29,DANRSGTISSGE
30,DHNKNGQIDFYE
31,DFDQNGQLDGLE
32,DLDGDGLMTPAE
33,DEDFDSKLSFRE
34,DTDHSGYISLKE
35,DRDRSGSINQGE
36,DSDQSGYINAKE
37,DRDRSGSINTNE
38,DRDSDGHVSFRD
39,DYDQNGQLDGLE
40,DKDNDGCISVSE
41,DLNGDGFISKEE
42,DHDHDGKLSFVD
43,DLKKAQINIVFD
44,DITGDNRLNYQE
45,DAGKDGFIDLME
46,DTARDGFLDLQE
47,DEDNDGKISFRE
48,DKDRSGVISDTE
49,DRENKAGVNFSE
50,DRDNSGMIDKNE
51,DANSDGTLDFKE
52,DVDGNGTISKNE
53,DKDRSGVISDNE
54,DRDNSGMIDKHE
55,DTDQDGWIQVSYE
56,LAGDDMEVSATE
57,DSDTTGKLGFEE
58,DTDRSGTICSSE
59,DENKDGRIEFSE
60,DLDNDGYITRNE
61,DKNADGKLTLQE
62,DVNTDRKISAKE
63,DPDGDGHVSWDE
64,SPPADLLLTEEE
65,DQDGDKQLSVPE
66,DSNHDGIVTAEE
67,DENQNHHLEPEE
68,DNDGDGFVTTEE
69,DRDKDDKISWEE
70,DLNGDLTATREE
71,DKNGDGFVDQDE
72,DLNKDGKLDKDE
73,DKNKDEKLTKEE
74,DGEVDAEE
75,DQDGSGTVEHHE
76,TTIVKRYSKNGR
77,DVNTDRRISAKE
78,NPPADLLLTEDE
79,DQDGDKQLSLPE
80,DSNHDGIVTMEE
81,DKDKDGYINCRD
82,DTNGDGEISTSE
83,DLNGDGRVDFEE
84,DTNSDGTIDFRE
85,DLDGNGYISREE
86,DTNNDGKLSLEE
87,DADGSGYLEGKE
88,DTDHSGFIETEE
89,DSNNDGKLELTE
90,DQDGNGYIDENE
91,DGDKDGFVTVDE
92,DLNEDGLVSWEE
93,DKDGDLIATKEE
94,DKNADGFIDLEE
95,DKNRDGKMDKEE
96,DQNKDGKLTKEE
97,DSDGNGYMDGKE
98,DSDHSGFIDSEE
99,DANNDGKLELTE
100,DFNKDGYIDFME
101,DVDGNGCIDRDE
102,DVNGDGELSLEE
103,AGDSDGWVSLAE
104,DKNKDGYVQVEE
105,DLNKDGRLDGSE
106,DRDMSGTMGFNE
107,DTDRSGTVDPQE
108,DKDNNGFIHFEE
109,DLNHDGYITFDE
110,DKNEDGYITLDE
111,DTDRDGYISHRE
112,DRDRDGRITVAE
113,DLNGDGTVDFDE
114,DRDRDGYIGCRE
115,DTNGDGRISVGE
116,DLNGDGLVDFEE
117,DINKDGCITKEE
118,DRNQDGVVTIDE
119,DTDHNGAVSFED
120,DINKDGYITKEE
121,DKNKDGVVTIDE
122,DTNKDGFVDFLE
123,DADGNGSIDKNE
124,DINNDGELTLEE
125,DADKNGYIDFKE
126,DLDNNGLISYDE
127,DKNKDGQLTLEE
128,DRNQDGVVTIEE
129,DINGDGELSLEE
130,DANGDGTIDFRE
131,DLDGNGYISKAE
132,DTNRDGKLSLEE
133,DKNGDNTIDFLE
134,DKDGNGCIDRLE
135,DENGDGQLSLNE
136,DLNKDGCITKEE
137,DRNKDGVVTIEE
138,DKNGDGTIDFRE
139,DLDGDGKITRVE
140,DKNKDDQITLDE
141,DSDRSGTVDPQE
142,DKNGDGKISVDE
143,DLDGNGFIDLDE
144,DLDGNGRISAKE
145,DIDGDGCVNFDE
146,DDDETGKISFKN
147,DRDGDGEVSEQE
148,DLDRDGKISRHE
149,DEDGDGAVSFVE
150,SCSIIDDGLIHKEE
151,DEKKNGVIEFEE
152,DLRQTGFIEREE
153,DSDKDGKISKDE
154,DIDGSGTIDLKE
155,DRDGDGEINEEE
156,DTDQDGYIGYRE
157,DKDRDGRITVAE
158,DLNGDGTIDFDE
159,DLDGDGRITRLE
160,DQDKDDQITLEE
161,DKDRDGFISCKD
162,DTNGDGEITLVE
163,DVNGDGTVDFEE
164,DTNGDGTIDFRE
165,DLDGNGYISRSE
166,DINKDGYINKEE
167,DKNKDGIVTLDE
168,DEDGSGTVDFDE
169,DKNADGYIDLDE
170,DKNNDGRIDYDE
171,DMNNDGFLDYHE
172,DLDGDGEINENE
173,DKDGDGTITTKE
174,DADGNGTIDFPE
175,DKDGNGYISAAE
176,DIDGDGQVNYEE
177,DRDGDGLISQLE
178,DLDGDGFLSFHE
179,DLDNSGSLSVEE
180,DTDGNGEVDFKE
181,DMDKDGYISNGE
182,DKDGDGRISFEE
183,DRDQDGNITSNE
184,DADGNGTIDFTE
185,DKDGNGYITVEE
186,DTDGDGVINYEE
187,DKDGDGSITTKE
188,DADGNGNIDFPE
189,DLDGDGQVNYDE
190,DTDKDEAIDYHE
191,DKDGDGEINQEE
192,DTDKDQAIDYHE
193,DKDGDGCITTKE
194,DKDQNGFISAAE
195,DVDGDGQINYEE
196,DKDGNGFISAAE
197,DRDGDGEVNEQE
198,DKDNNGSISSSE
199,DVDGNHQIEFSE
200,DKNGDGLISAAE
201,DRDGNGLISAAE
202,DIDGDGHINYEE
203,SSSVVDDGLINKEE
204,DVKRKGVIDFGD
205,DMDCTGFIERQE
206,DVDRDGKIDKTE
207,DRDSSGSIDKNE
208,DADNSGDVDFQE
209,DIDKDGFISNGE
210,DSDGDGRLSFEE
211,DMDCTGYIERQE
212,DVNQDGKIDKLE
213,DSDGSGTIDVKE
214,DRDGDGEVNEEE
215,SSSIIDDGLIHKEE
216,DVKRNGVIEFGE
217,DRKNDGKIDIDE
218,SSAVIDDGLINKEE
219,DTKHNGILGFEE
220,DLKQQGFIERQE
221,DTKHDGKIDKEE
222,DTDKDGFVTEGE
223,DMNQDGLISWDE
224,DQDGDLIATKEE
225,DQNADGFIDLEE
226,DQDKDGKLTKEE
227,DFDDDGTLNRED
228,DIDRDGTINLSE
229,DANHDGRISFDE
230,DFNTDNFICKED
231,DLDGDGKLGFAD
232,DTKHDGRIDKEE
233,DLNDDWKLSKDE
234,DEDKDGFISARE
235,DFNNDDYICAWD
236,DGDHDGRLSLED
237,DRDGNGFISKQE
238,DMDGDGQVDFDE
239,DQDKSGFIEEEE
240,DSDGDGKIGIDE
241,DFDDDGTLDRED
242,SVKLGHPDTLNQGE
243,DTNADKQLSFEE
244,DKDKSGFIEEDE
245,DKDGDGKIGVEE
246,DNDQSGYLDGDE
247,DNDGDGKIGADE
248,AGKDGYNYTLSKTE
249,DTNSDGQLDFSE
250,DMDNDRQLSKAE
251,DHDGDGFISPKE
252,DYDGNNLLDGLE
253,DKNNDGYIDYAE
254,DKNEDKKIDFSE
255,TSCLSNDNLLTKEK
256,DMRNDGAIDFGE
257,DTRETGFIEPEE
258,DWKKDGIIDLEE
259,SGKEGDKFKLNKTE
260,DSNRDNEVDFQE
261,SGKEGDKFKLNKSE
262,SVRVGPRDSLSQKE
263,DTNQDKQLSFEE
264,DKKGQGAIAKDS
265,DKESTGKVSVGD
266,EVDELLKGVEVD
267,DKDRNGCIDRLE
268,DENGDGQLSLTE
269,DVDGSGTIDAKE
270,DLNGNGDIDIMS
271,SSGSEETFSYSD
272,SSGSGETFSYPD
273,DSNLDGTLDFKE
274,SRKYGHPDTLNKAE
275,DTNQDNQLSFEE
276,SRKEGHPDTLSKKE
277,DLDEDGVVGAAE
278,DYDESGTLTTSD
279,DLNNEGEIDLMS
280,DLDGNGYISRQE
281,DRNKDGKLSLEE
282,DKDKSGFIEWNE
283,DTHGDGRINYEE
284,DTDRSGTIGSNE
285,DKDGDGKIGVDE
286,DANHDGRICFDE
287,DVNHNGKISLDE
288,DKDQNGAITLDE
289,DIDESGQLDVDE
290,AGRCGDKYKLCQAE
291,DTNKDCEVDFVE
292,DTDGNGTINAQE
293,DSDGDGEISFQE
294,DQDGDGHITVDE
295,DVDQDGRVNYEE
296,DKDGSGTLTTDE
297,DQNKDNEIEFFE
298,DIDCDGFISNGE
299,DYDKDGKISFDE
300,DLNKDGKLNGSE
301,DKDGDGKIDVDE
302,DQDKSGFIEEDE
303,DSDGDGAIGVDE
304,DQDKSDFVEEDE
305,DSDGDGKIGVDE
306,DTDGSGTVDYEE
307,DTDGGGDISTKE
308,DEDGSGTIDFEE
309,DKNGDGFIDREE
310,DKNNDGKIDFDE
311,DADGSGEIEFEE
312,DADGSGTVDFDE
313,DSDSDGFLTENE
314,DKNSDGAVTWDE
315,NQDSGPGLSLEE
316,DKNGDGFVSLEE
317,DKDNDGRLDPQE
318,DLNSDKKLSEEE
319,DFDKDGAITRKD
320,DTNEDNMISRDE
321,DTNNDGLLSQEE
322,DIDNNGYLDKND
323,DFNKDGQVTVDE
324,DINGDGLAGVDE
325,DKEEKGYIRETE
326,NVSKEGRILMKE
327,DADSSGFISAAE
328,DKNKDGRLDLND
329,DVSKTGALEGPE
330,DVNKDGKIQKSE
331,DMNHDGSIQDND
332,DINKDDVVSWEE
333,DVSGDGIVDLEE
334,DADASGFIEEEE
335,DKDGDGKIGIDE
336,DRNNDGNFPTMF
337,DKDDKDKLLSAD
338,DFPNDGKCSLEE
339,DKDKSGFIEEEE
340,DKDGDGKIGADE
341,DADGGGDISTKE
342,DKNADGFIDIEE
343,DKNNDGRIDFDE
344,DSDGDGKIGVEE
345,DADDNGYIEGKE
346,DEDSSGFISAVE
347,NKNKDGRLDLND
348,DADGSGMLEFEE
349,DTDGSGTVDFDE
350,DADGSGELEFEE
351,DSDGSGTVDFDE
352,DLNDDWRLSKHE
353,DYDGNSLLDGLE
354,DKDRSGYIEEEE
355,AGKDGHSVTLSKTE
356,DLNSDGQLDFQE
357,DEDKSGFIEEEE
358,DADGDGKIGIDE
359,DQNRDGFIDKED
360,DQDRSGFIEEEE
361,DKDGDGMIGVDE
362,DGDGNSYITTDE
363,DLNKDNKISWEE
364,DLDGDSAANREE
365,DKNSDGHVDEDE
366,DLNKDGKMDLDE
367,DKDKDQMLTKEE
368,DKNSDGTVTWDE
369,NQDSGPGLNLEE
370,DKDSDGRLDPQE
371,DADGSGELEFDE
372,DKNKDRKIDFSE
373,DFDKDGAITRMD
374,DTNEDNNISRDE
375,DTNNDGLLSLEE
376,DEDGSGQIEFEE
377,DVDASGFIEEEE
378,DKDKNGFLTREE
379,DMNSDGKISLEE
380,DKDGSGKVSIKE
381,DKNKDGELDYDE
382,AGREGDNLKLSKKE
383,DINSDGQLDFQE
384,DKNADGYIDLEE
385,DTDGDGKIGVDE
386,DSDGDGAIGVEE
387,DDDATGFIDFNG
388,DKNKRGEIDVED
389,DTDGSGFVDFDE
390,DLDGDGFITREE
391,DRDHDGKITAAE
392,DRDKSGYIEEDE
393,DTDGDGKIGVEE
394,DIDGSGTIDFEE
395,DKNHDSQIDYEE
396,DKDQSGFIEEEE
397,DSDHDGKIGADE
398,DLDSDGFLTESE
399,DKNSDDTVTWDE
400,DLNGDKKLSEEE
401,DQDGSGELEFEE
402,DKQGQGFINVSD
403,DKNADGYIDSEE
404,DADGGGDISVKE
405,DRNMDGYIDAEE
406,NRNKDGRLDLND
407,DQDASGFIEVEE
408,DADGDGMIGIDE
409,DQDKSGFIEDEE
410,DVDGNGAISKSE
411,DENKDGRIGFSE
412,DRNKDGRLDLND
413,DANNDGTLDFKE
414,DVDGNGTINKKE
415,DKNKDNQICFDE
416,DADSSGYISAAE
417,DVSRTGALEGPE
418,DMNKDGKIQKSE
419,DIDNNGFLDKND
420,DFNKDGEVTIDE
421,DVNGDGLVGVDE
422,DLDGNGYISKSE
423,DIDGNGYITRSE
424,DDDGDGYISLEE
425,DIDNDGFLDKND
426,DFNKDGEVTVDE
427,DVDGDGMVGVDE
428,DTDKSKSITAEE
429,DTDESGTIDFSE
430,DKDGNGSLSPQE
431,DANKDGKIDREE
432,DDNKDKKVNYSE
433,DKNRDKKIDFSE
434,DENKDGAIEFHE
435,DLDQDGFITRNE
436,DKNNDAQLTLEE
437,DENKDGFISFSE
438,DLDNDGYITRDE
439,DKNKDDQLTFEE
440,DNDQSGYLDEDE
441,SGKEGDKFKLNRSE
442,DVSKDGHIQMKE
443,AGRCGDKYKICQSE
444,DTNKDCEVDFGE
445,DEDKEGFIEEDE
446,DKDGDGRVSWEE
447,DKDGDGFVSLQE
448,DKDKDGKLSPKE
449,DLDGDRRLSANE
450,DIDNDGRLSLAE
451,DRTQSGRITLVD
452,DRDKSGFIEQDE
453,DFNKDGYMDFME
454,DVDGNGCIDRGE
455,DRDGNGCIDKTE
456,DENGDGQLSLDE
457,DQDASGFLEVEE
458,DADGDGMLGLDE
459,DQDKSGYIEEEE
460,DQDGDDKIGVDE
461,DTNKDGTVSCAE
462,DVNSDGHMQFDE
463,DKDGNGRISPDE
464,DKDGDGHVNMEE
465,DKNGDGSLTTAE
466,DLNDDGRVQFNE
467,DKDKNGKISPEE
468,FEDDDGYINFNE
469,DSDGDGLVTTEE
470,DRDKDEKISWEE
471,DLDGDLTATREE
472,DKNKDEMLTKEE
473,DLDGNGYISRGE
474,DLNHDGKITAEE
475,DEDGSGELEFEE
476,DEDGSGTLDFNE
477,DDDGSGTISSSE
478,DVSGDGQIDFEE
479,DNNPEKVISAEE
480,DTNDDGTLDFRE
481,DVDRNGEVSKSE
482,NKGENDKIAEGE
483,DRDGDKTINFTE
484,DLNGDGNISKGE
485,DQDQSDFIEEEE
486,DNDQSGFIEEDE
487,DHDGDGKIGAEE
488,DKNSDGKLTLQE
489,DTNGDGSIDFRE
490,DKNMDGRLSIDE
491,DLDGDGIITREE
492,DANHDGKVTPED
493,DTDGSGAIGNEE
494,DADGNGEIDFEE
495,DQDRNGIITENE
496,DQDRSGFIEEDE
497,DKDGDGKIGMDE
498,SGNEGDKFKLNKTE
499,DTDGDGKITSEE
500,DKDGSKDMDFSE
501,DKDHNGSLSPQE
502,DCNGDGKICLEE
503,DKNRDNQICFDE
504,DVNHDGIISIEN
505,DTDKDRSIDLNE
506,DADEKGYIEEKE
507,DASKDGRIRMKE
508,DADGDGKITPEE
509,DKDGSRPVDFSE
510,DTDKSGSLSPEE
511,DGNNDGEIRRAE
512,DVSKDGCIQMKE
513,DYNKDGSIQWED
514,DQDKSGFLEEDE
515,DGDQSGYIEVEE
516,DSDGDHKIGVDE
517,SVRLGHYDTLIQKE
518,DTNVDKQLSFEE
519,DIDDDGFLDKND
520,DVNGDGKVGLDE
521,DGDNSITAKELG
522,DTDKSGTIEFSE
523,DKDGNGVLSPEE
524,DCDGDGKINRKE
525,DQDKSGYIEEDE
526,DKDRSGFIEEEE
527,DCNKDNEVDFQE
528,DADKSGSISANE
529,DRDMNGTINFNE
530,DRDNSGSIDLNE
531,DQDQSGFIEKEE
532,DKNSDGIITVDE
533,DEDGDGYISARE
534,DSNRDGRVDFFE
535,DTDGTQSIDPKE
536,DTDGSGQIDFAE
537,DIDGDGQINYEE
538,DRDNDGAVSRHD
539,DADRDGLISADE
540,DEDGDGFVCFTE
541,DKNNDGCISREE
542,DEDGNGTIEFDE
543,DKDDNGFISRNE
544,DSNNDGQVDYEE
545,DLNKDGKIQ
546,IE
547,DANGDGKISGDE
548,DTDKDGFINVQE
549,DQDHNGLISSVE
550,DSDGDGYVSFEE
551,DIDKDGLISNGE
552,DLDGDGQLSFEE
553,DADGNGYIEGKE
554,DKNSDGKIEMAE
555,DTDRSGYIEANE
556,DLNGDGKLGLSE
557,DKDGSGYIDENE
558,AEAGKLYRKDLE
559,DINKDRSVSAKE
560,DPDGDGLVTWDE
561,DQDGDGKLTLAE
562,DENQNHNLELEE
563,DQDSDGHISFKD
564,DRDYTGKMGFNA
565,DIDGNNKISRVE
566,DKNRDNEISSWE
567,DQDGDGKISATE
568,DTDGDGLLDEEE
569,DMNGDGVLTFDE
570,DSDGDGKISAFE
571,DTDADGSLGFED
572,DIDGNGILDFHE
573,DLDKSGSLSIEE
574,DTDGNGEVDFHE
575,DMDNDGFISNGE
576,DRDNSGFIDDKE
577,DKDRSGRIDTNE
578,DKNGDGCITLEE
579,DTDGNGIIDFQE
580,DKDQNGFISPTE
581,DTDGDGQVNYDE
582,DDDKDGFVTVDE
583,DADQNGTIDFPE
584,DKDQDGFISYKD
585,DANGDGEITLAE
586,DINGDGTVDFEE
587,DSDKDNAIDYHEL
588,DLDQDGEINEQEF
589,DLDRDGKISRNE
590,DEDGDGAVSFLE
591,DTDGSGTIDPKE
592,DKDGSGTIDFDE
593,DKDNNGKISDVD
594,DENGDGEVDHEE
595,EPQNADELSFSD
596,DKYKTGYVTRKQ
597,DADKDGFVTEGE
598,DLNQDGLISWDE
599,DKDGDGQITTKE
600,DADNNGTIDFPE
601,DRDNNGFISAAE
602,DQDGDGRIDYNE
603,DSDGNGVIDVKE
604,DSDKSGYLEREE
605,DTDGDGVINKSE
606,DRNASHQVDWGD
607,DADKDQLISIDE
608,DVSCDGVMDLAE
609,DKDGDGKVSASE
610,DTDGDGLLDHHE
611,DLNGDGVLSFDE
612,DKNNDGFITVEE
613,DEDGDGFISAVE
614,DSNHDGRVDFFE
615,DADSNGNIEFKE
616,DEDSNGSIDHTE
617,DENKDGYVSREE
618,DWDKNGMVNFKE
619,EGVTCYYGEMNKEQ
620,DTNHDGLLGFEE
621,DLKQQGFIERQG
622,DTKHEGMIDEEE
623,DFNENGFIDEED
624,DLDNDSMLSFSE
625,DKDGSGTIDTKE
626,DQDGSRCIEFKE
627,DRDGNGKLGLVE
628,DLDKSGSMSAYE
629,DVNGDGAVSYEE
630,DADGNGEIDQNE
631,DVDGDGKLTKEE
632,DANGDGYITLEE
633,DEDKDGYVSVEE
634,DHNGDGLVSWEE
635,DLDADLKANKEE
636,DKNGDGFIDLEE
637,DTNKDGRMDKEE
638,DNDKDGKLTKAE
639,DRDRSRSLDSRE
640,DRDGSGTLDLEE
641,DRSGDGVVTVDD
642,DSSEKDGQVTLAE
643,DRDGSRSLDAGE
644,DRNGSGTLDLEE
645,DRSGDGVVTLGD
646,DADEDGFVTEAE
647,DLNNDRMISWEE
648,DGNGDHIADKEE
649,DKNKDGKMDREE
650,DTNKDGKLTKEE
651,DRDGNGFISAAE
652,DTDHDGYIGYRD
653,DLNGDGTVDFNE
654,DSDKSGYLEAGE
655,DKNGDGHITTEE
656,DLDGDGTINFTE
657,DIDKNGFISAAE
658,DVDGDGQINYRE
659,AEAEKLYRKDLE
660,DKNGDNQLSKKE
661,DLDKDGKLSVNE
662,DSNKDNKITWDE
663,DSDDDKCITREE
664,DRDRDGYIGYRE
665,DTNGDGCISVGE
666,DIDGDGQITSKE
667,DTDGNGTIEYAE
668,DKDGNGLITAAE
669,DIDGDGMVNYEE
670,DQDGSGTIDFPE
671,DTNKDGEITKAE
672,DKDNDGKITIKE
673,NKDDNTDITKDE
674,DTNKDGTITVKE
675,DENQDGFIDENE
676,DENRDGKIDFYE
677,DTDGSGTIDAKE
678,DKAGSGTIDFEE
679,DDDNTGFITLKN
680,DRNGDGQIDEDE
681,DVDGDGQINYDE
682,DVNHNGRISLDE
683,DKDQNGAISLDE
684,DANGDGVIDFDE
685,DEDGNGVIDIPE
686,DADGDGTIDFPE
687,DMDKDGSLTQLE
688,DRNGNGSVEFDE
689,DRDGNGSITAAE
690,DSNGDGVISFNE
691,DKNGDGRITKEE
692,DANGDGCVDIDE
693,DQDGDGFITVEE
694,DADGDGRVNYKE
695,DKEGNGLLDKAD
696,DDNGNGKVDYGE
697,DFNKTGSVPITN
698,DSDGSAKLGLKE
699,DVDRSGTMNSYE
700,DTDHGGFIETEE
701,DTDGNGTIDFPE
702,DRDGDGYISADE
703,STSIINDGLIHKEE
704,DRKRNGVIEFGE
705,DLHGTGFIEPHE
706,DTNKDGKIDEEE
707,DKDGSGTIDKNE
708,DEDGNGTIDFQE
709,DIDRDGYIGNGE
710,DEDGDGRLNFHE
711,DKNADGKIEMAE
712,DMNGDGKLGLSE
713,DKDGSGFIDEHE
714,SDGGKLYRKELE
715,DKDGDGNLSWDE
716,DTDNDGVVTFDE
717,DKDKNDKLSYLE
718,DKNGDGKIAKNE
719,DVNGDGAMDIDE
720,DQNGDGFITDEE
721,DVDGDGMVNFKE
722,DQNKDGSLTELE
723,DRNNNGLVEFSE
724,DRDGNGYITAAE
725,DRDGDGCIDFQE
726,EQTNTEELSFKD
727,DKQKTGFVTKKQ
728,ERTLGLEFPEFM
729,DKAKTGVITKKQ
730,DMDGDGQVDFEE
731,DLDQNGLIEWKD
732,DESGDHLVDQAE
733,DMDADGSLTILE
734,DSNGNGFVEFDE
735,DTNGDGVISFGE
736,DANGDGRISRAE
737,DSDGDGYISLGE
738,DADGNGVITPAE
739,DRNGDGLINFEE
740,DRNKDGSLTQLE
741,DTDGNGFITAAE
742,DSDGDGRINFQE
743,DRNGDGEITLDE
744,DEDGDGFISAAE
745,DRDCDGRVDFGE
746,DKDGNGNITTKE
747,DSDGNGTIDFPE
748,DHDGDGFITAAE
749,DANSDGLIDIHE
750,DGNKDGLISAEE
751,DSDGDGMVSFEE
752,DKNKDGKLSLDE
753,DVDGNGELNADE
754,DVDGDGYLNFDE
755,DRDGDGCITTME
756,DADGSGTIDFPE
757,DCNNDGQVNYEE
758,DVDGDGQVNYEE
759,DSDRNGKITYIE
760,DTDKNGELTIEEA
761,DKDGDRKITRDE
762,DLDRDGVITCDE
763,DLDGDGSLTKLE
764,DADGNGTVEFDE
765,DTDGDGLISFEE
766,DKDGDGCITVEE
767,DSDSNGTIEFAE
768,DKDQNGYISASE
769,DRDGSRSLDADE
770,DKDGDGCITTRE
771,DRDGNGTVDFPE
772,DKDGNGFVSAAE
773,DTDGDGQVNYEE
774,DLNTDRRISAKE
775,DQDGDKKLSLSE
776,DANHDGIVTMAE
777,DENQNHYLEPEE
778,DLNKDGSVTSYD
779,DKDKDKKLSQTE
780,DLDKDGCVSVNE
781,DKNNDGKISIDE
782,DLDRNGRISANE
783,DSDGDGCVDFEE
784,DINGDGKITLDE
785,DKDGSGSISLDE
786,DLDNSGKLDVDE
787,DLNKDGQIQ
788,DRNRDGRVTANE
789,DRDGNGFITRDE
790,DLDQDGRINYEE
791,DKDNDGCVNVLE
792,DHDHDGKLSFAD
793,SSGSGETFSYSI
794,DIDNDKKISAKE
795,DQDGDKKLTLSE
796,DANHDGIVTMEE
797,DENQNHHLELEE
798,DKDGNGTISTKE
799,DIDGNGQIEFPE
800,DKDGNGVITAQE
801,DVDGDGEIDYEE
802,DKDSDGKITTKE
803,DVNSDGSIDFPE
804,DRNGDGKISAAE
805,DTNNDGEIDIQE
806,DANGDGRISRSE
807,DADGDGFISLDE
808,DADGNGTISAAE
809,DQNGDGLISFEE
810,DADGDGRISPSE
811,DTDRDGFVDLGE
812,DVDGDGRITAAE
813,DVDGDGCVGFEE
814,DEKKNGVIEFDE
815,DADRDGKINQQE
816,DLDSSSALSVKE
817,DTDGDGQVDFRE
818,DKDGDGKISFQE
819,DLDKSGSLSVEE
820,DTDGDGEVDFKE
821,DKDGDGKISFEE
822,GCITTKE
823,DSNGDGKISVLE
824,DTDRDGYINLDE
825,DQDKNGLISASE
826,DADGDGNVNFEE
827,DTDGDGRIAPSE
828,DKDASGTVSVAD
829,DKNDTGKLSYDE
830,DTSGNMLLDAKE
831,DRNGSGSVTFDE
832,DKNKDGHISVEE
833,DTDGDGKISFEE
834,DQNGDGYITVDE
835,DTEGTGRVDPRE
836,DLDKSGSLSVDE
837,DTDGNGEVDFRE
838,DKDGNGIISAAE
839,DVDGDGVIDYSE
840,DKDGDGFISAAE
841,DSNGDGNITFDE
842,DKDKDGIISIKE
843,DTDKDGRISWDE
844,DKDNDRFVTKCE
845,DSDNDGLVTAPE
846,DADRDGKLSVEE
847,DGDGDGAISVEE
848,DANSDGKISGEE
849,DVDGDGFIDFEE
850,DQNDDGVLSFDE
851,DVDRSGTIGSSE
852,LAGPDMEVGATD
853,DSDHSGSLGSSQ
854,DKDGSGAIDFDE
855,DQDNNGKISPED
856,DRDRDGEVNVEE
857,DRNEDKQISASE
858,DENQDHLLSLEE
859,DDNNNRTLDFKE
860,DRDGSGTIDFNE
861,DKDKDGKITIQE
862,DKDQNGYISAAD
863,DLNQDGVLTSQE
864,DKDKDRKLNKTE
865,DLDKDGCVSANE
866,DKNQDGLVTLDE
867,DVNGDGYISAEE
868,DVDKDGAIDYHE
869,DLDQDGEINLEE
870,DMNGDGSLTQLE
871,DANGNGSVEFDE
872,DTDGDGVISFKE
873,DKNGDGFITVEE
874,DENGDGFISARE
875,DRNQDGRVDFFE
876,DRNGDGKVTAEE
877,DLDNDGYVTEGE
878,DLNQDGLVSWDE
879,DKNGDGLIDLEE
880,DKNHDGKMDKEE
881,DQNKDSKLTREE
882,DDDNNRTLDFKE
883,DKDGNGTIDFNE
884,SYSIIKDGLIHKEE
885,DLKRNGVIEFGE
886,DLRGTGYIEKEE
887,DSNGDGRIDPEE
888,DRNGDGSLTQLE
889,DTNSNGLIEFSE
890,DRDGNGFITAAE
891,DTDGDGRISFQE
892,DADKDGFVTVDE
893,DKDRNGFISAAE
894,DVDCDGQINYDE
895,DVDGDGHINYEE
896,DRDGSGMIDDKE
897,DRDRSGKIDATE
898,DQDGSGFIDDKE
899,DKDRSGRIDVNE
900,DLNEDGGIDIMS
901,DADRSGRIDFHE
902,DRDGDGEIDEED
903,DRDGNGTIDFPE
904,DRDGSGYITFDD
905,DLNGDKKISKIE
906,DTDSNGNIEFKE
907,DKDQNGFISATE
908,DENKDGFIDAIE
909,DGNKDGKIDFNE
910,DKDGSGTIDFEE
911,DDDQTGKITFKN
912,EKDGQSGINYEE
913,DKTGDGVVGLED
914,DKDGDGSITTQE
915,DKDGNGTVDFPE
916,SHSIFRDGLIHKEE
917,DLKRNGVIDFGE
918,DLRGTGCIEREE
919,DLNDDGKIDPDE
920,DANGDGKISVSE
921,DIDCDGFINQEE
922,DQNKNGLISSSE
923,DTDGDGNVNFEE
924,SGSVIDDGLINKEE
925,DVKKRGVIDFGD
926,DMDNTGFIERKE
927,DTNQDGRIDRTE
928,DKNGDGTITGKE
929,DVNGDGCVDIDE
930,DQNGDGFITVDE
931,DVDGDGRVNYKE
932,DKDGSGSIDKDE
933,DEDGSGTVDFQE
934,DMDRDGYISNGE
935,DKDGDGKLSFEE
936,DKDGDGNITTKE
937,DVDGDGQVNYDE
938,DKDSNGYISAAE
939,DANGDGKISAEE
940,DSDRDGFVDLSE
941,DADSNGKISARE
942,DADGDGCVNFDE
943,SNSIIKDGLIHKEE
944,DQKGNGVIEFDE
945,DLRQTGFIERHE
946,DTKGDERIDQEE
947,DANRDGRISAEE
948,DIDGDGMLDINE
949,DLNADGVLSFDE
950,SKNGLIDKEQ
951,DTKNTGILDFEA
952,DLNQQGYIKRQE
953,DTKLDGKIDKEE
954,DANGDGCVDINE
955,DEDGDGRVNYKE
956,DTDRSGTIGSHE
957,DKDQDGFISAAE
958,DKDKDKKLNKTE
959,DLDKDGYVSASE
960,DKNKDGKISWDE
961,DVDGDNQIDVAE
962,DIDGDGKISASE
963,DADGDGFVSFEE
964,DKNGDGSITKKE
965,DLDGDGTIDFPE
966,DKNGDGYITVNE
967,DADGDGTISFSE
968,DSNKNGTLDPSE
969,DVDNNGLVSYSE
970,DSDKSGQLEEKE
971,DTDKNGTVSIVE
972,DKGRKGRIENTD
973,DRNGDGIVTYQD
974,DKDGSGQLQDDE
975,DTNSDGSVSLEE
976,DTDCNGILDFKE
977,DKDQSGHLEVDE
978,DLDNDNMLSFSE
979,DRDHSGSLGSSQ
980,DTDHDGKISSDD
981,DANKDGFVEFDE
982,DKDGDGRLSYGD
983,DKDSSGSIDKTE
984,DEDNSGDVDFQE
985,DIDKDGYISNGE
986,DVDGDGKLSFEE
987,DGDKNGEVTINE
988,DLDNEGKISYDE
989,DKNRDNRIDFKE
990,DKNRDGYLTIAE
991,DSDKNGRISFKE
992,DTKHNGILGFDE
993,DLKQQGYIERQE
994,DHDGDGRISAAE
995,DADGDGLLCEAE
996,SSAVVDDGLINKEE
997,DLKQQGFIEKQE
998,DKDGDGKITTKE
999,DVNGDGCVDIEE
1000,DRNGDGFITVDE
1001,DVDGDGRVNYME
1002,DGDSDGFVTEVE
1003,DVNNDGMISWEE
1004,DQNRDQIANKEE
1005,DKNGDGFIDLNE
1006,DSNKDGKLSKEE
1007,DFDGNGALERAD
1008,DKNADGQINADE
1009,DTNGNGELSLDE
1010,DMDGDGQVNYEE
1011,DLDKNGKISPDD
1012,DRDRDGEVNMDE
1013,DIDGSGSIDASE
1014,DKNQSGAIDFDE
1015,DHDNNGKISPRD
1016,DRDKDGEVNLEE
1017,DRDADGKISAAE
1018,DTDDDGLLDEEE
1019,DLDGDGVISFEE
1020,DRDGDGRITREE
1021,DANGDGCVDMDE
1022,DRDGDGRVDFLE
1023,DRNGDGEITVDE
1024,DVDGDGFISASE
1025,DRNSDGRVDFGE
1026,DTSKDGKISWEE
1027,DINCDGKISANE
1028,DKDGDGCITTQE
1029,DKNNDKMISHHE
1030,DTNKEGSLSYED
1031,DRNEDKQISANE
1032,DENQDHHLSLEE
1033,NADGNGTIDFPE
1034,DKNGDGRITKKE
1035,DANGDGCVDVEE
1036,DADGDGRVDFKE
1037,DVDGDGQIDDVE
1038,DMDGDGKISASE
1039,DKDSDGFVNFEE
1040,DKDGDGTITSKE
1041,DADGSGSIEFEE
1042,DKDQNGFITPDE
1043,DSDGDGQINYNE
1044,DKDNDGCISVTE
1045,DLNGDSFISKEE
1046,DMDSDRQLSKAE
1047,DLSQDGLVSWDE
1048,DKDGDLVATKEE
1049,DHNQDGKLTREE
1050,DLDNSGALSVDE
1051,DADGNGEVDFKE
1052,DMDNDGYISNGE
1053,DKDEDGKISFDE
1054,DSDKSNTIDFKE
1055,DKDKSGILEKKE
1056,DKDKNNLISREE
1057,DKDGDGCITADE
1058,DSDGNGTIEFSE
1059,DTNGTGKLGFRE
1060,DKDGSLLLELQE
1061,DTNGSGVVTFDE
1062,DTDASGILETNE
1063,DENHSGDVDFQE
1064,DIDRDGYISNGE
1065,DKDNSGSISASE
1066,DVDGNHAIEFSE
1067,DKDGNGTISKDE
1068,DENGDGSVNFKE
1069,DIDGDGYISNGE
1070,DEDGDGKISFEE
1071,DNNGDGIVDFRE
1072,DKDGDGAITRSE
1073,DRDYTGKMGFNE
1074,DQDQSGTVEHHE
1075,DTNSNGTLSRKE
1076,DEDESDDVGFSE
1077,DFDKSGQLSKEE
1078,DVDDSKSLSYQE
1079,DQDSDGHVSFRD
1080,DKNRDGRMDKEE
1081,DLNKDGSVTSFD
1082,DKDKDKKLTKTE
1083,DKDGDGCITLEE
1084,DVDGNGTIEFAE
1085,DKDQDGLISAAE
1086,DLDGDGQVNFDE
1087,DTDNSGTIDAKE
1088,DKDGSGSIDYEE
1089,DQDKNGKISDVD
1090,DRNGDGEIDFDE
1091,DTDNDRQLSKAE
1092,DHNGDGFISPKE
1093,DLDNSGALSIDE
1094,DVNGDGKISSKE
1095,DIDGNGSISAEE
1096,DKDGDGTIDFEE
1097,DLDKDGKISQTE
1098,DLDGDGFIDFRE
1099,DLNGDGKISAEE
1100,DADGDGLVNMEE
1101,DKEGTGKIATRE
1102,ENNNNGQLNFTE
1103,DRDGDGFISPAE
1104,DFDGDGMINYEE
1105,DRNGDGKITKQE
1106,DLNGDGYVDIEE
1107,DQNRDGFITVEE
1108,SCSIVDDGLIHKEE
1109,DEKKNSVIEFEE
1110,DTDKDNRISKEE
1111,DKNETGKLCYDE
1112,DASGNMLVDEEE
1113,DKNGTGSVTFDE
1114,FDMDGSGKIDAK
1115,DRSNQGQISKED
1116,DKDGNGYIEGTE
1117,DDNQDGKIDIRE
1118,DTDNSGYIEADE
1119,DANKDGRLQLSE
1120,DRDNSGTIENEE
1121,DRDDDGVVSRGD
1122,DVDRNGKISAEE
1123,DGNGDGFVCFDD
1124,DRDGDGVITPAE
1125,DEDGDGYISAAE
1126,DRDSDGRVDYEE
1127,DKHKTGYVTRKQ
1128,DEDHDGFVTADE
1129,DLNSDSFVSWEE
1130,DQDGDLRANKEE
1131,DKNGDGLIDLNE
1132,DKNKDGRMDKDE
1133,DADKDGRLTKQE
1134,DQDGSRSLDVRE
1135,DKDNSGTIEREE
1136,DEDGGGDVDFQE
1137,DLDKDGKISFEE
1138,SHSIFKDGLIHKEE
1139,DLRGTGYIEREE
1140,DLNSDGKIDPDE
1141,DFNNDNYICAWD
1142,DGDQDGRLSLED
1143,DVDGSGSLSVEE
1144,DEDGNGEVDFRE
1145,DMDRDGFISNGE
1146,DANQSGSIDRNE
1147,DKDRDGKISFEE
1148,DKDRSGYIDEHE
1149,DADGSGTIDVKE
1150,DRDGDGEVNEDE
1151,DRNGDGRITREE
1152,DANGDGYITVDE
1153,DRDGDGRVDFHE
1154,DTDGDGLISAAE
1155,DRDGDGFVSIEE
1156,DEDGNGVITAEE
1157,DSDGDGVISFDE
1158,DRDSDGRVDFGE
1159,DVDRSGTICSRE
1160,DANGDGEITLGE
1161,DRDRDGYIGYQE
1162,DTNGDGCISLGE
1163,DKDGDGTITTSE
1164,DKDGNGFISAQE
1165,DIDGDNQINYTE
1166,DKDGSLLLELHE
1167,DKDNDSFISVTE
1168,DLNGDGYISREE
1169,DYDHDSKLSYTD
1170,DTNGDNTIDFLE
1171,DKDRNGCIDRQE
1172,DKDGNGCIDKPE
1173,DENNDGSIEFEE
1174,DVDNDGYITREE
1175,DKNHDGKLTLEE
1176,DVTGDGFISRED
1177,DTDKDGYVSLPE
1178,DFNKNGQISRDE
1179,DVNCDGRMQFDE
1180,DKNGDGSLTNAE
1181,DLNGDGRVQFGE
1182,DNDQSGYLDEEE
1183,DTDNSGFIDFKE
1184,DIDGNGTIDEKE
1185,DVNNDKELTLKE
1186,DINGNGQITLDE
1187,DKDGSGTITLDE
1188,DLDNSGELDVDE
1189,DNDGDGKIGAEE
1190,SRREGDKDTLTRKE
1191,DNNKDQQLSFGE
1192,DINSNGQINLNE
1193,DKDRNGSVSLDE
1194,DLDGDGKLDVDE
1195,DLDGDGCITREE
1196,DHDHDGRLLQED
1197,DEDGSGEIEFEE
1198,DEDGSGTIDFNE
1199,DEDKSGRLEFEE
1200,DMNGDGCITRDE
1201,DLDHDGRLTPEE
1202,DEDGSGQIEFSE
1203,DRNADGYIDAEE
1204,DEDGSGTIDFME
1205,DEDGSGTVDFDQ
1206,NKNNDGRIDYDE
1207,DEDGSGTLDFDE
1208,DEDKSGRLEFGE
1209,DANGDGKISGSE
1210,DADGDGYVSLQE
1211,DRDCNGSISAAE
1212,DKNGDGLISVEE
1213,DTDGDGYVSLQE
1214,DRDCNGTISPAE
1215,DKNGDGLINVEE
1216,DENKDGFISFGE
1217,DLDNDGFITRDE
1218,DKNKDDKLTFDE
1219,DKDNDGKVSIEE
1220,DKEGNGTIQEAE
1221,DINGNGKITLDE
1222,DLDNSGDLDVDE
1223,DQDQSGFIEEDE
1224,DEDGDGMIGVDE
1225,DADKSGRLEFDE
1226,DTNKDNTVDLQE
1227,DIDGNGYITKSE
1228,DVNGDGKLSFNE
1229,DEDGGGDISTKE
1230,DEDASGTIDFEE
1231,DKNGDGFIDKDE
1232,DRNADGYIDPEE
1233,DDDNSGTITIKD
1234,DRNDDNEIDEDE
1235,DRNHDCLISVEE
1236,DENGDGFISAKE
1237,EQDHDGRVDFFE
1238,DANRDGRISPEE
1239,DTDGDGMLDFEE
